,country,year,donations,receipts,net_donations,cumulative_donations
1,Argentina,1980,0,0,0,0
2,Argentina,1981,0,0,0,0
3,Argentina,1982,0,0,0,0
4,Argentina,1983,0,0,0,0
5,Argentina,1984,0,0,0,0
6,Argentina,1985,0,0,0,0
7,Argentina,1986,0,0,0,0
8,Argentina,1987,0,0,0,0
9,Argentina,1988,0,0,0,0
10,Argentina,1989,0,0,0,0
11,Argentina,1990,0,0,0,0
12,Argentina,1991,0,0,0,0
13,Argentina,1992,0,0,0,0
14,Argentina,1993,0,0,0,0
15,Argentina,1994,0,0,0,0
16,Argentina,1995,0,0,0,0
17,Argentina,1996,0,0,0,0
18,Argentina,1997,0,0,0,0
19,Argentina,1998,3,0,3,3
20,Argentina,1999,3,0,3,6
21,Argentina,2000,3,0,3,9
22,Argentina,2001,3,0,3,12
23,Argentina,2002,3,0,3,15
24,Argentina,2003,4,0,4,19
25,Argentina,2004,4,0,4,23
26,Argentina,2005,4,0,4,27
27,Argentina,2006,4,0,4,31
28,Argentina,2007,4,0,4,35
29,Argentina,2008,0,0,0,35
30,Argentina,2009,0,0,0,35
31,Argentina,2010,0,0,0,35
32,Argentina,2011,0,0,0,35
33,Argentina,2012,0,0,0,35
34,Argentina,2013,0,0,0,35
35,Argentina,2014,0,0,0,35
36,Argentina,2015,0,0,0,35
37,Argentina,2016,1,0,1,36
38,Armenia,1980,0,0,0,0
39,Armenia,1981,0,0,0,0
40,Armenia,1982,0,0,0,0
41,Armenia,1983,0,0,0,0
42,Armenia,1984,0,0,0,0
43,Armenia,1985,0,0,0,0
44,Armenia,1986,0,0,0,0
45,Armenia,1987,0,0,0,0
46,Armenia,1988,0,0,0,0
47,Armenia,1989,0,0,0,0
48,Armenia,1990,0,0,0,0
49,Armenia,1991,0,0,0,0
50,Armenia,1992,0,0,0,0
51,Armenia,1993,0,0,0,0
52,Armenia,1994,0,0,0,0
53,Armenia,1995,0,0,0,0
54,Armenia,1996,0,0,0,0
55,Armenia,1997,0,0,0,0
56,Armenia,1998,0,0,0,0
57,Armenia,1999,0,0,0,0
58,Armenia,2000,0,0,0,0
59,Armenia,2001,0,0,0,0
60,Armenia,2002,3,0,3,3
61,Armenia,2003,1,0,1,4
62,Armenia,2004,1,0,1,5
63,Armenia,2005,0,0,0,5
64,Armenia,2006,14,0,14,19
65,Armenia,2007,14,0,14,33
66,Armenia,2008,14,0,14,47
67,Armenia,2009,14,0,14,61
68,Armenia,2010,14,0,14,75
69,Armenia,2011,14,0,14,89
70,Armenia,2012,14,0,14,103
71,Armenia,2013,17,0,17,120
72,Armenia,2014,18,0,18,138
73,Armenia,2015,19,0,19,157
74,Armenia,2016,19,0,19,176
75,Australia,1980,230,0,230,230
76,Australia,1981,190,0,190,420
77,Australia,1982,210,0,210,630
78,Australia,1983,200,0,200,830
79,Australia,1984,250,0,250,1080
80,Australia,1985,250,0,250,1330
81,Australia,1986,170,0,170,1500
82,Australia,1987,200,0,200,1700
83,Australia,1988,320,0,320,2020
84,Australia,1989,270,0,270,2290
85,Australia,1990,350,0,350,2640
86,Australia,1991,790,0,790,3430
87,Australia,1992,650,0,650,4080
88,Australia,1993,780,0,780,4860
89,Australia,1994,810,0,810,5670
90,Australia,1995,900,0,900,6570
91,Australia,1996,960,0,960,7530
92,Australia,1997,1070,0,1070,8600
93,Australia,1998,980,0,980,9580
94,Australia,1999,1140,0,1140,10720
95,Australia,2000,1000,0,1000,11720
96,Australia,2001,900,0,900,12620
97,Australia,2002,890,0,890,13510
98,Australia,2003,1070,0,1070,14580
99,Australia,2004,1320,0,1320,15900
100,Australia,2005,1120,0,1120,17020
101,Australia,2006,830,0,830,17850
102,Australia,2007,1010,0,1010,18860
103,Australia,2008,1300,0,1300,20160
104,Australia,2009,183,0,183,20343
105,Australia,2010,209,0,209,20552
106,Australia,2011,271,0,271,20823
107,Australia,2012,315,0,315,21138
108,Australia,2013,346,0,346,21484
109,Australia,2014,393,0,393,21877
110,Australia,2015,485,0,485,22362
111,Australia,2016,529,0,529,22891
112,Austria,1980,0,0,0,0
113,Austria,1981,0,0,0,0
114,Austria,1982,0,0,0,0
115,Austria,1983,0,0,0,0
116,Austria,1984,0,0,0,0
117,Austria,1985,0,0,0,0
118,Austria,1986,0,0,0,0
119,Austria,1987,0,0,0,0
120,Austria,1988,0,0,0,0
121,Austria,1989,0,0,0,0
122,Austria,1990,0,0,0,0
123,Austria,1991,0,0,0,0
124,Austria,1992,0,0,0,0
125,Austria,1993,0,0,0,0
126,Austria,1994,0,0,0,0
127,Austria,1995,0,0,0,0
128,Austria,1996,48,0,48,48
129,Austria,1997,46,0,46,94
130,Austria,1998,57,0,57,151
131,Austria,1999,57,0,57,208
132,Austria,2000,58,0,58,266
133,Austria,2001,43,0,43,309
134,Austria,2002,80,0,80,389
135,Austria,2003,60,0,60,449
136,Austria,2004,79,0,79,528
137,Austria,2005,99,0,99,627
138,Austria,2006,94,0,94,721
139,Austria,2007,68,0,68,789
140,Austria,2008,59,0,59,848
141,Austria,2009,33,0,33,881
142,Austria,2010,36,0,36,917
143,Austria,2011,49,0,49,966
144,Austria,2012,46,0,46,1012
145,Austria,2013,50,0,50,1062
146,Austria,2014,52,0,52,1114
147,Austria,2015,63,0,63,1177
148,Austria,2016,76,0,76,1253
149,Belarus,1980,0,0,0,0
150,Belarus,1981,0,0,0,0
151,Belarus,1982,0,0,0,0
152,Belarus,1983,0,0,0,0
153,Belarus,1984,0,0,0,0
154,Belarus,1985,0,0,0,0
155,Belarus,1986,0,0,0,0
156,Belarus,1987,0,0,0,0
157,Belarus,1988,0,0,0,0
158,Belarus,1989,0,0,0,0
159,Belarus,1990,0,0,0,0
160,Belarus,1991,0,0,0,0
161,Belarus,1992,0,0,0,0
162,Belarus,1993,0,0,0,0
163,Belarus,1994,0,0,0,0
164,Belarus,1995,0,0,0,0
165,Belarus,1996,0,0,0,0
166,Belarus,1997,0,0,0,0
167,Belarus,1998,0,0,0,0
168,Belarus,1999,0,0,0,0
169,Belarus,2000,103,0,103,103
170,Belarus,2001,116,0,116,219
171,Belarus,2002,103,0,103,322
172,Belarus,2003,88,0,88,410
173,Belarus,2004,73,0,73,483
174,Belarus,2005,98,0,98,581
175,Belarus,2006,87,0,87,668
176,Belarus,2007,73,0,73,741
177,Belarus,2008,52,0,52,793
178,Belarus,2009,58,0,58,851
179,Belarus,2010,0,0,0,851
180,Belarus,2011,0,0,0,851
181,Belarus,2012,0,0,0,851
182,Belarus,2013,0,0,0,851
183,Belarus,2014,0,0,0,851
184,Belarus,2015,2,0,2,853
185,Belarus,2016,2,0,2,855
186,Belgium,1980,0,0,0,0
187,Belgium,1981,0,0,0,0
188,Belgium,1982,0,0,0,0
189,Belgium,1983,0,0,0,0
190,Belgium,1984,0,0,0,0
191,Belgium,1985,0,0,0,0
192,Belgium,1986,0,0,0,0
193,Belgium,1987,0,0,0,0
194,Belgium,1988,0,0,0,0
195,Belgium,1989,0,0,0,0
196,Belgium,1990,0,0,0,0
197,Belgium,1991,0,0,0,0
198,Belgium,1992,0,0,0,0
199,Belgium,1993,0,0,0,0
200,Belgium,1994,0,0,0,0
201,Belgium,1995,0,0,0,0
202,Belgium,1996,177,0,177,177
203,Belgium,1997,177,0,177,354
204,Belgium,1998,124,0,124,478
205,Belgium,1999,118,0,118,596
206,Belgium,2000,88,0,88,684
207,Belgium,2001,26,0,26,710
208,Belgium,2002,40,0,40,750
209,Belgium,2003,32,0,32,782
210,Belgium,2004,34,0,34,816
211,Belgium,2005,22,0,22,838
212,Belgium,2006,14,0,14,852
213,Belgium,2007,28,0,28,880
214,Belgium,2008,41,0,41,921
215,Belgium,2009,50,0,50,971
216,Belgium,2010,142,0,142,1113
217,Belgium,2011,164,0,164,1277
218,Belgium,2012,182,0,182,1459
219,Belgium,2013,209,0,209,1668
220,Belgium,2014,77,0,77,1745
221,Belgium,2015,109,0,109,1854
222,Belgium,2016,99,0,99,1953
223,Brazil,1980,0,0,0,0
224,Brazil,1981,0,0,0,0
225,Brazil,1982,0,0,0,0
226,Brazil,1983,0,0,0,0
227,Brazil,1984,0,0,0,0
228,Brazil,1985,0,0,0,0
229,Brazil,1986,0,0,0,0
230,Brazil,1987,0,0,0,0
231,Brazil,1988,0,0,0,0
232,Brazil,1989,0,0,0,0
233,Brazil,1990,0,0,0,0
234,Brazil,1991,0,0,0,0
235,Brazil,1992,0,0,0,0
236,Brazil,1993,0,0,0,0
237,Brazil,1994,0,0,0,0
238,Brazil,1995,19,0,19,19
239,Brazil,1996,18,0,18,37
240,Brazil,1997,19,0,19,56
241,Brazil,1998,25,0,25,81
242,Brazil,1999,23,0,23,104
243,Brazil,2000,23,0,23,127
244,Brazil,2001,19,0,19,146
245,Brazil,2002,14,0,14,160
246,Brazil,2003,14,0,14,174
247,Brazil,2004,14,0,14,188
248,Brazil,2005,38,0,38,226
249,Brazil,2006,27,0,27,253
250,Brazil,2007,27,0,27,280
251,Brazil,2008,27,0,27,307
252,Brazil,2009,29,0,29,336
253,Brazil,2010,29,0,29,365
254,Brazil,2011,29,0,29,394
255,Brazil,2012,29,0,29,423
256,Brazil,2013,34,0,34,457
257,Brazil,2014,394,0,394,851
258,Brazil,2015,399,0,399,1250
259,Brazil,2016,399,0,399,1649
260,Bulgaria,1980,0,0,0,0
261,Bulgaria,1981,0,0,0,0
262,Bulgaria,1982,0,0,0,0
263,Bulgaria,1983,0,0,0,0
264,Bulgaria,1984,0,0,0,0
265,Bulgaria,1985,0,0,0,0
266,Bulgaria,1986,0,0,0,0
267,Bulgaria,1987,0,0,0,0
268,Bulgaria,1988,0,0,0,0
269,Bulgaria,1989,0,0,0,0
270,Bulgaria,1990,0,0,0,0
271,Bulgaria,1991,0,0,0,0
272,Bulgaria,1992,0,0,0,0
273,Bulgaria,1993,1,0,1,1
274,Bulgaria,1994,1,0,1,2
275,Bulgaria,1995,9,0,9,11
276,Bulgaria,1996,13,0,13,24
277,Bulgaria,1997,0,0,0,24
278,Bulgaria,1998,4,0,4,28
279,Bulgaria,1999,4,0,4,32
280,Bulgaria,2000,8,0,8,40
281,Bulgaria,2001,25,0,25,65
282,Bulgaria,2002,22,0,22,87
283,Bulgaria,2003,22,0,22,109
284,Bulgaria,2004,27,0,27,136
285,Bulgaria,2005,23,0,23,159
286,Bulgaria,2006,23,0,23,182
287,Bulgaria,2007,26,0,26,208
288,Bulgaria,2008,27,0,27,235
289,Bulgaria,2009,27,0,27,262
290,Bulgaria,2010,28,0,28,290
291,Bulgaria,2011,28,0,28,318
292,Bulgaria,2012,46,0,46,364
293,Bulgaria,2013,29,0,29,393
294,Bulgaria,2014,17,0,17,410
295,Bulgaria,2015,18,0,18,428
296,Bulgaria,2016,25,0,25,453
297,Canada,1980,1409,0,1409,1409
298,Canada,1981,1119,0,1119,2528
299,Canada,1982,1159,0,1159,3687
300,Canada,1983,789,0,789,4476
301,Canada,1984,1253,0,1253,5729
302,Canada,1985,1683,0,1683,7412
303,Canada,1986,2576,0,2576,9988
304,Canada,1987,3803,0,3803,13791
305,Canada,1988,3970,0,3970,17761
306,Canada,1989,7157,0,7157,24918
307,Canada,1990,13568,0,13568,38486
308,Canada,1991,12567,0,12567,51053
309,Canada,1992,6915,0,6915,57968
310,Canada,1993,4902,0,4902,62870
311,Canada,1994,5298,0,5298,68168
312,Canada,1995,3177,0,3177,71345
313,Canada,1996,1919,0,1919,73264
314,Canada,1997,1472,0,1472,74736
315,Canada,1998,1329,0,1329,76065
316,Canada,1999,1594,0,1594,77659
317,Canada,2000,1903,0,1903,79562
318,Canada,2001,2578,0,2578,82140
319,Canada,2002,2332,0,2332,84472
320,Canada,2003,3179,0,3179,87651
321,Canada,2004,3293,0,3293,90944
322,Canada,2005,3709,0,3709,94653
323,Canada,2006,3802,0,3802,98455
324,Canada,2007,3467,0,3467,101922
325,Canada,2008,3566,0,3566,105488
326,Canada,2009,3077,0,3077,108565
327,Canada,2010,3432,0,3432,111997
328,Canada,2011,3072,0,3072,115069
329,Canada,2012,1614,0,1614,116683
330,Canada,2013,2172,0,2172,118855
331,Canada,2014,1024,0,1024,119879
332,Canada,2015,867,0,867,120746
333,Canada,2016,741,0,741,121487
334,Croatia,1980,0,0,0,0
335,Croatia,1981,0,0,0,0
336,Croatia,1982,0,0,0,0
337,Croatia,1983,0,0,0,0
338,Croatia,1984,0,0,0,0
339,Croatia,1985,0,0,0,0
340,Croatia,1986,0,0,0,0
341,Croatia,1987,0,0,0,0
342,Croatia,1988,0,0,0,0
343,Croatia,1989,0,0,0,0
344,Croatia,1990,0,0,0,0
345,Croatia,1991,0,0,0,0
346,Croatia,1992,0,0,0,0
347,Croatia,1993,0,0,0,0
348,Croatia,1994,0,0,0,0
349,Croatia,1995,0,0,0,0
350,Croatia,1996,0,0,0,0
351,Croatia,1997,0,0,0,0
352,Croatia,1998,0,0,0,0
353,Croatia,1999,0,0,0,0
354,Croatia,2000,0,0,0,0
355,Croatia,2001,0,0,0,0
356,Croatia,2002,0,0,0,0
357,Croatia,2003,0,0,0,0
358,Croatia,2004,0,0,0,0
359,Croatia,2005,0,0,0,0
360,Croatia,2006,0,0,0,0
361,Croatia,2007,0,0,0,0
362,Croatia,2008,0,0,0,0
363,Croatia,2009,0,0,0,0
364,Croatia,2010,0,0,0,0
365,Croatia,2011,2,0,2,2
366,Croatia,2012,0,0,0,2
367,Croatia,2013,5,0,5,7
368,Croatia,2014,0,0,0,7
369,Croatia,2015,0,0,0,7
370,Croatia,2016,0,0,0,7
371,Côte d'Ivoire,1982,0,0,0,7
372,Côte d'Ivoire,1983,0,0,0,7
373,Côte d'Ivoire,1984,0,0,0,7
374,Côte d'Ivoire,1985,0,0,0,7
375,Côte d'Ivoire,1986,0,0,0,7
376,Côte d'Ivoire,1987,0,0,0,7
377,Côte d'Ivoire,1988,0,0,0,7
378,Côte d'Ivoire,1989,0,0,0,7
379,Côte d'Ivoire,1990,0,0,0,7
380,Côte d'Ivoire,1991,0,0,0,7
381,Côte d'Ivoire,1992,0,0,0,7
382,Côte d'Ivoire,1993,0,0,0,7
383,Côte d'Ivoire,1994,0,0,0,7
384,Côte d'Ivoire,1995,0,0,0,7
385,Côte d'Ivoire,1996,0,0,0,7
386,Côte d'Ivoire,1997,0,0,0,7
387,Côte d'Ivoire,1998,0,0,0,7
388,Côte d'Ivoire,1999,0,0,0,7
389,Côte d'Ivoire,2000,0,0,0,7
390,Côte d'Ivoire,2001,0,0,0,7
391,Côte d'Ivoire,2002,0,0,0,7
392,Côte d'Ivoire,2003,0,0,0,7
393,Côte d'Ivoire,2004,0,0,0,7
394,Côte d'Ivoire,2005,0,0,0,7
395,Côte d'Ivoire,2006,0,0,0,7
396,Côte d'Ivoire,2007,1,0,1,8
397,Côte d'Ivoire,2008,1,0,1,9
398,Côte d'Ivoire,2009,1,0,1,10
399,Côte d'Ivoire,2010,1,0,1,11
400,Côte d'Ivoire,2011,1,0,1,12
401,Côte d'Ivoire,2012,1,0,1,13
402,Côte d'Ivoire,2013,1,0,1,14
403,Côte d'Ivoire,2014,1,0,1,15
404,Côte d'Ivoire,2015,1,0,1,16
405,Côte d'Ivoire,2016,0,0,0,16
406,Curacao,1982,0,0,0,16
407,Curacao,1983,0,0,0,16
408,Curacao,1984,0,0,0,16
409,Curacao,1985,0,0,0,16
410,Curacao,1986,0,0,0,16
411,Curacao,1987,0,0,0,16
412,Curacao,1988,0,0,0,16
413,Curacao,1989,0,0,0,16
414,Curacao,1990,0,0,0,16
415,Curacao,1991,0,0,0,16
416,Curacao,1992,0,0,0,16
417,Curacao,1993,0,0,0,16
418,Curacao,1994,0,0,0,16
419,Curacao,1995,0,0,0,16
420,Curacao,1996,0,0,0,16
421,Curacao,1997,0,0,0,16
422,Curacao,1998,0,0,0,16
423,Curacao,1999,0,0,0,16
424,Curacao,2000,0,0,0,16
425,Curacao,2001,0,0,0,16
426,Curacao,2002,0,0,0,16
427,Curacao,2003,0,0,0,16
428,Curacao,2004,0,0,0,16
429,Curacao,2005,0,0,0,16
430,Curacao,2006,0,0,0,16
431,Curacao,2007,0,0,0,16
432,Curacao,2008,0,0,0,16
433,Curacao,2009,0,0,0,16
434,Curacao,2010,0,0,0,16
435,Curacao,2011,0,0,0,16
436,Curacao,2012,0,0,0,16
437,Curacao,2013,0,0,0,16
438,Curacao,2014,0,0,0,16
439,Curacao,2015,1,0,1,17
440,Curacao,2016,1,0,1,18
441,Cyprus,1980,0,0,0,0
442,Cyprus,1981,0,0,0,0
443,Cyprus,1982,0,0,0,0
444,Cyprus,1983,0,0,0,0
445,Cyprus,1984,0,0,0,0
446,Cyprus,1985,0,0,0,0
447,Cyprus,1986,0,0,0,0
448,Cyprus,1987,0,0,0,0
449,Cyprus,1988,0,0,0,0
450,Cyprus,1989,0,0,0,0
451,Cyprus,1990,0,0,0,0
452,Cyprus,1991,0,0,0,0
453,Cyprus,1992,0,0,0,0
454,Cyprus,1993,0,0,0,0
455,Cyprus,1994,0,0,0,0
456,Cyprus,1995,0,0,0,0
457,Cyprus,1996,0,0,0,0
458,Cyprus,1997,2,0,2,2
459,Cyprus,1998,2,0,2,4
460,Cyprus,1999,2,0,2,6
461,Cyprus,2000,206,0,206,212
462,Cyprus,2001,217,0,217,429
463,Cyprus,2002,6,0,6,435
464,Cyprus,2003,14,0,14,449
465,Cyprus,2004,12,0,12,461
466,Cyprus,2005,19,0,19,480
467,Cyprus,2006,16,0,16,496
468,Cyprus,2007,20,0,20,516
469,Cyprus,2008,39,0,39,555
470,Cyprus,2009,20,0,20,575
471,Cyprus,2010,25,0,25,600
472,Cyprus,2011,25,0,25,625
473,Cyprus,2012,32,0,32,657
474,Cyprus,2013,32,0,32,689
475,Cyprus,2014,36,0,36,725
476,Cyprus,2015,39,0,39,764
477,Cyprus,2016,45,0,45,809
478,Czechia,1980,0,0,0,0
479,Czechia,1981,0,0,0,0
480,Czechia,1982,0,0,0,0
481,Czechia,1983,0,0,0,0
482,Czechia,1984,0,0,0,0
483,Czechia,1985,0,0,0,0
484,Czechia,1986,0,0,0,0
485,Czechia,1987,0,0,0,0
486,Czechia,1988,0,0,0,0
487,Czechia,1989,0,0,0,0
488,Czechia,1990,0,0,0,0
489,Czechia,1991,0,0,0,0
490,Czechia,1992,0,0,0,0
491,Czechia,1993,0,0,0,0
492,Czechia,1994,0,0,0,0
493,Czechia,1995,0,0,0,0
494,Czechia,1996,1,0,1,1
495,Czechia,1997,0,0,0,1
496,Czechia,1998,0,0,0,1
497,Czechia,1999,0,0,0,1
498,Czechia,2000,0,0,0,1
499,Czechia,2001,0,0,0,1
500,Czechia,2002,17,0,17,18
501,Czechia,2003,5,0,5,23
502,Czechia,2004,10,0,10,33
503,Czechia,2005,21,0,21,54
504,Czechia,2006,16,0,16,70
505,Czechia,2007,9,0,9,79
506,Czechia,2008,0,0,0,79
507,Czechia,2009,0,0,0,79
508,Czechia,2010,0,0,0,79
509,Czechia,2011,0,0,0,79
510,Czechia,2012,0,0,0,79
511,Czechia,2013,0,0,0,79
512,Czechia,2014,0,0,0,79
513,Czechia,2015,4,0,4,83
514,Czechia,2016,4,0,4,87
515,Denmark,1980,39,0,39,39
516,Denmark,1981,20,0,20,59
517,Denmark,1982,19,0,19,78
518,Denmark,1983,21,0,21,99
519,Denmark,1984,22,0,22,121
520,Denmark,1985,16,0,16,137
521,Denmark,1986,34,0,34,171
522,Denmark,1987,30,0,30,201
523,Denmark,1988,77,0,77,278
524,Denmark,1989,1376,0,1376,1654
525,Denmark,1990,1547,0,1547,3201
526,Denmark,1991,1679,0,1679,4880
527,Denmark,1992,1741,0,1741,6621
528,Denmark,1993,1763,0,1763,8384
529,Denmark,1994,1763,0,1763,10147
530,Denmark,1995,1763,0,1763,11910
531,Denmark,1996,1070,0,1070,12980
532,Denmark,1997,577,0,577,13557
533,Denmark,1998,445,0,445,14002
534,Denmark,1999,541,0,541,14543
535,Denmark,2000,373,0,373,14916
536,Denmark,2001,218,0,218,15134
537,Denmark,2002,203,0,203,15337
538,Denmark,2003,165,0,165,15502
539,Denmark,2004,199,0,199,15701
540,Denmark,2005,294,0,294,15995
541,Denmark,2006,330,0,330,16325
542,Denmark,2007,164,0,164,16489
543,Denmark,2008,187,0,187,16676
544,Denmark,2009,174,0,174,16850
545,Denmark,2010,158,0,158,17008
546,Denmark,2011,128,0,128,17136
547,Denmark,2012,92,0,92,17228
548,Denmark,2013,108,0,108,17336
549,Denmark,2014,25,0,25,17361
550,Denmark,2015,24,0,24,17385
551,Denmark,2016,25,0,25,17410
552,Ecuador,1980,0,0,0,0
553,Ecuador,1981,0,0,0,0
554,Ecuador,1982,0,0,0,0
555,Ecuador,1983,0,0,0,0
556,Ecuador,1984,0,0,0,0
557,Ecuador,1985,0,0,0,0
558,Ecuador,1986,0,0,0,0
559,Ecuador,1987,0,0,0,0
560,Ecuador,1988,0,0,0,0
561,Ecuador,1989,0,0,0,0
562,Ecuador,1990,0,0,0,0
563,Ecuador,1991,0,0,0,0
564,Ecuador,1992,0,0,0,0
565,Ecuador,1993,0,0,0,0
566,Ecuador,1994,0,0,0,0
567,Ecuador,1995,0,0,0,0
568,Ecuador,1996,0,0,0,0
569,Ecuador,1997,0,0,0,0
570,Ecuador,1998,0,0,0,0
571,Ecuador,1999,0,0,0,0
572,Ecuador,2000,0,0,0,0
573,Ecuador,2001,1,0,1,1
574,Ecuador,2002,1,0,1,2
575,Ecuador,2003,1,0,1,3
576,Ecuador,2004,1,0,1,4
577,Ecuador,2005,1,0,1,5
578,Ecuador,2006,1,0,1,6
579,Ecuador,2007,2,0,2,8
580,Ecuador,2008,4,0,4,12
581,Ecuador,2009,5,0,5,17
582,Ecuador,2010,5,0,5,22
583,Ecuador,2011,5,0,5,27
584,Ecuador,2012,6,0,6,33
585,Ecuador,2013,5,0,5,38
586,Ecuador,2014,6,0,6,44
587,Ecuador,2015,6,0,6,50
588,Ecuador,2016,0,0,0,50
589,Estonia,1980,0,0,0,0
590,Estonia,1981,0,0,0,0
591,Estonia,1982,0,0,0,0
592,Estonia,1983,0,0,0,0
593,Estonia,1984,0,0,0,0
594,Estonia,1985,0,0,0,0
595,Estonia,1986,0,0,0,0
596,Estonia,1987,0,0,0,0
597,Estonia,1988,0,0,0,0
598,Estonia,1989,0,0,0,0
599,Estonia,1990,0,0,0,0
600,Estonia,1991,0,0,0,0
601,Estonia,1992,0,0,0,0
602,Estonia,1993,0,0,0,0
603,Estonia,1994,0,0,0,0
604,Estonia,1995,0,0,0,0
605,Estonia,1996,0,0,0,0
606,Estonia,1997,0,0,0,0
607,Estonia,1998,0,0,0,0
608,Estonia,1999,0,0,0,0
609,Estonia,2000,0,0,0,0
610,Estonia,2001,0,0,0,0
611,Estonia,2002,0,0,0,0
612,Estonia,2003,0,0,0,0
613,Estonia,2004,0,0,0,0
614,Estonia,2005,0,0,0,0
615,Estonia,2006,0,0,0,0
616,Estonia,2007,0,0,0,0
617,Estonia,2008,0,0,0,0
618,Estonia,2009,0,0,0,0
619,Estonia,2010,0,0,0,0
620,Estonia,2011,0,0,0,0
621,Estonia,2012,1,0,1,1
622,Estonia,2013,0,0,0,1
623,Estonia,2014,0,0,0,1
624,Estonia,2015,0,0,0,1
625,Estonia,2016,0,0,0,1
626,Eswatini,1980,0,0,0,0
627,Eswatini,1981,0,0,0,0
628,Eswatini,1982,0,0,0,0
629,Eswatini,1983,0,0,0,0
630,Eswatini,1984,0,0,0,0
631,Eswatini,1985,0,0,0,0
632,Eswatini,1986,0,0,0,0
633,Eswatini,1987,0,0,0,0
634,Eswatini,1988,0,0,0,0
635,Eswatini,1989,0,0,0,0
636,Eswatini,1990,0,0,0,0
637,Eswatini,1991,0,0,0,0
638,Eswatini,1992,0,0,0,0
639,Eswatini,1993,0,0,0,0
640,Eswatini,1994,0,0,0,0
641,Eswatini,1995,0,0,0,0
642,Eswatini,1996,0,0,0,0
643,Eswatini,1997,6,0,6,6
644,Eswatini,1998,0,0,0,6
645,Eswatini,1999,0,0,0,6
646,Eswatini,2000,0,0,0,6
647,Eswatini,2001,0,0,0,6
648,Eswatini,2002,0,0,0,6
649,Eswatini,2003,0,0,0,6
650,Eswatini,2004,0,0,0,6
651,Eswatini,2005,0,0,0,6
652,Eswatini,2006,0,0,0,6
653,Eswatini,2007,0,0,0,6
654,Eswatini,2008,0,0,0,6
655,Eswatini,2009,0,0,0,6
656,Eswatini,2010,0,0,0,6
657,Eswatini,2011,0,0,0,6
658,Eswatini,2012,0,0,0,6
659,Eswatini,2013,0,0,0,6
660,Eswatini,2014,0,0,0,6
661,Eswatini,2015,0,0,0,6
662,Eswatini,2016,0,,0,6
663,Finland,1980,0,0,0,0
664,Finland,1981,0,0,0,0
665,Finland,1982,0,0,0,0
666,Finland,1983,1,0,1,1
667,Finland,1984,0,0,0,1
668,Finland,1985,2,0,2,3
669,Finland,1986,0,0,0,3
670,Finland,1987,4,0,4,7
671,Finland,1988,2,0,2,9
672,Finland,1989,1,0,1,10
673,Finland,1990,0,0,0,10
674,Finland,1991,0,0,0,10
675,Finland,1992,0,0,0,10
676,Finland,1993,5,0,5,15
677,Finland,1994,0,0,0,15
678,Finland,1995,1,0,1,16
679,Finland,1996,4,0,4,20
680,Finland,1997,4,0,4,24
681,Finland,1998,27,0,27,51
682,Finland,1999,27,0,27,78
683,Finland,2000,23,0,23,101
684,Finland,2001,23,0,23,124
685,Finland,2002,6,0,6,130
686,Finland,2003,5,0,5,135
687,Finland,2004,3,0,3,138
688,Finland,2005,3,0,3,141
689,Finland,2006,4,0,4,145
690,Finland,2007,9,0,9,154
691,Finland,2008,11,0,11,165
692,Finland,2009,11,0,11,176
693,Finland,2010,10,0,10,186
694,Finland,2011,10,0,10,196
695,Finland,2012,11,0,11,207
696,Finland,2013,12,0,12,219
697,Finland,2014,12,0,12,231
698,Finland,2015,11,0,11,242
699,Finland,2016,19,0,19,261
700,France,1980,0,0,0,0
701,France,1981,0,0,0,0
702,France,1982,0,0,0,0
703,France,1983,0,0,0,0
704,France,1984,0,0,0,0
705,France,1985,0,0,0,0
706,France,1986,0,0,0,0
707,France,1987,0,0,0,0
708,France,1988,0,0,0,0
709,France,1989,0,0,0,0
710,France,1990,0,0,0,0
711,France,1991,0,0,0,0
712,France,1992,0,0,0,0
713,France,1993,0,0,0,0
714,France,1994,0,0,0,0
715,France,1995,71,0,71,71
716,France,1996,74,0,74,145
717,France,1997,75,0,75,220
718,France,1998,84,0,84,304
719,France,1999,81,0,81,385
720,France,2000,70,0,70,455
721,France,2001,74,0,74,529
722,France,2002,76,0,76,605
723,France,2003,76,0,76,681
724,France,2004,79,0,79,760
725,France,2005,83,0,83,843
726,France,2006,84,0,84,927
727,France,2007,86,0,86,1013
728,France,2008,89,0,89,1102
729,France,2009,98,0,98,1200
730,France,2010,101,0,101,1301
731,France,2011,100,0,100,1401
732,France,2012,103,0,103,1504
733,France,2013,105,0,105,1609
734,France,2014,108,0,108,1717
735,France,2015,117,0,117,1834
736,France,2016,134,0,134,1968
737,Georgia,1980,0,0,0,0
738,Georgia,1981,0,0,0,0
739,Georgia,1982,0,0,0,0
740,Georgia,1983,0,0,0,0
741,Georgia,1984,0,0,0,0
742,Georgia,1985,0,0,0,0
743,Georgia,1986,0,0,0,0
744,Georgia,1987,0,0,0,0
745,Georgia,1988,0,0,0,0
746,Georgia,1989,0,0,0,0
747,Georgia,1990,0,0,0,0
748,Georgia,1991,0,0,0,0
749,Georgia,1992,0,0,0,0
750,Georgia,1993,0,0,0,0
751,Georgia,1994,0,0,0,0
752,Georgia,1995,0,0,0,0
753,Georgia,1996,0,0,0,0
754,Georgia,1997,0,0,0,0
755,Georgia,1998,0,0,0,0
756,Georgia,1999,0,0,0,0
757,Georgia,2000,0,0,0,0
758,Georgia,2001,0,0,0,0
759,Georgia,2002,0,0,0,0
760,Georgia,2003,0,0,0,0
761,Georgia,2004,0,0,0,0
762,Georgia,2005,0,0,0,0
763,Georgia,2006,0,0,0,0
764,Georgia,2007,0,0,0,0
765,Georgia,2008,0,0,0,0
766,Georgia,2009,0,0,0,0
767,Georgia,2010,0,0,0,0
768,Georgia,2011,0,0,0,0
769,Georgia,2012,0,0,0,0
770,Georgia,2013,0,0,0,0
771,Georgia,2014,1,0,1,1
772,Georgia,2015,6,0,6,7
773,Georgia,2016,6,0,6,13
774,Germany,1980,3422,0,3422,3422
775,Germany,1981,3594,0,3594,7016
776,Germany,1982,4183,0,4183,11199
777,Germany,1983,3625,0,3625,14824
778,Germany,1984,2537,0,2537,17361
779,Germany,1985,3393,0,3393,20754
780,Germany,1986,4996,0,4996,25750
781,Germany,1987,2107,0,2107,27857
782,Germany,1988,1429,0,1429,29286
783,Germany,1989,1785,0,1785,31071
784,Germany,1990,2819,0,2819,33890
785,Germany,1991,4349,0,4349,38239
786,Germany,1992,3043,0,3043,41282
787,Germany,1993,3748,0,3748,45030
788,Germany,1994,4031,0,4031,49061
789,Germany,1995,2654,0,2654,51715
790,Germany,1996,2367,0,2367,54082
791,Germany,1997,2846,0,2846,56928
792,Germany,1998,2676,0,2676,59604
793,Germany,1999,0,0,0,59604
794,Germany,2000,625,0,625,60229
795,Germany,2001,1848,0,1848,62077
796,Germany,2002,19035,0,19035,81112
797,Germany,2003,18410,0,18410,99522
798,Germany,2004,17302,0,17302,116824
799,Germany,2005,15619,0,15619,132443
800,Germany,2006,9336,0,9336,141779
801,Germany,2007,9485,0,9485,151264
802,Germany,2008,9650,0,9650,160914
803,Germany,2009,12950,0,12950,173864
804,Germany,2010,12514,0,12514,186378
805,Germany,2011,11697,0,11697,198075
806,Germany,2012,11819,0,11819,209894
807,Germany,2013,449,0,449,210343
808,Germany,2014,489,0,489,210832
809,Germany,2015,521,0,521,211353
810,Germany,2016,804,0,804,212157
811,Ghana,1980,0,0,0,0
812,Ghana,1981,0,0,0,0
813,Ghana,1982,0,0,0,0
814,Ghana,1983,0,0,0,0
815,Ghana,1984,0,0,0,0
816,Ghana,1985,0,0,0,0
817,Ghana,1986,0,0,0,0
818,Ghana,1987,0,0,0,0
819,Ghana,1988,0,0,0,0
820,Ghana,1989,0,0,0,0
821,Ghana,1990,0,0,0,0
822,Ghana,1991,0,0,0,0
823,Ghana,1992,0,0,0,0
824,Ghana,1993,0,0,0,0
825,Ghana,1994,0,0,0,0
826,Ghana,1995,0,0,0,0
827,Ghana,1996,0,0,0,0
828,Ghana,1997,0,0,0,0
829,Ghana,1998,0,0,0,0
830,Ghana,1999,0,0,0,0
831,Ghana,2000,0,0,0,0
832,Ghana,2001,0,0,0,0
833,Ghana,2002,0,0,0,0
834,Ghana,2003,0,0,0,0
835,Ghana,2004,0,0,0,0
836,Ghana,2005,0,0,0,0
837,Ghana,2006,0,0,0,0
838,Ghana,2007,0,0,0,0
839,Ghana,2008,0,0,0,0
840,Ghana,2009,0,0,0,0
841,Ghana,2010,0,0,0,0
842,Ghana,2011,0,0,0,0
843,Ghana,2012,0,0,0,0
844,Ghana,2013,7,0,7,7
845,Ghana,2014,7,0,7,14
846,Ghana,2015,7,0,7,21
847,Ghana,2016,7,0,7,28
848,Greece,1980,0,0,0,0
849,Greece,1981,0,0,0,0
850,Greece,1982,90,0,90,90
851,Greece,1983,90,0,90,180
852,Greece,1984,60,0,60,240
853,Greece,1985,60,0,60,300
854,Greece,1986,0,0,0,300
855,Greece,1987,0,0,0,300
856,Greece,1988,150,0,150,450
857,Greece,1989,230,0,230,680
858,Greece,1990,0,0,0,680
859,Greece,1991,0,0,0,680
860,Greece,1992,0,0,0,680
861,Greece,1993,6,0,6,686
862,Greece,1994,21,0,21,707
863,Greece,1995,0,0,0,707
864,Greece,1996,0,0,0,707
865,Greece,1997,0,0,0,707
866,Greece,1998,0,0,0,707
867,Greece,1999,0,0,0,707
868,Greece,2000,22,0,22,729
869,Greece,2001,23,0,23,752
870,Greece,2002,64,0,64,816
871,Greece,2003,62,0,62,878
872,Greece,2004,64,0,64,942
873,Greece,2005,57,0,57,999
874,Greece,2006,42,0,42,1041
875,Greece,2007,40,0,40,1081
876,Greece,2008,26,0,26,1107
877,Greece,2009,2,0,2,1109
878,Greece,2010,1,0,1,1110
879,Greece,2011,0,0,0,1110
880,Greece,2012,5,0,5,1115
881,Greece,2013,5,0,5,1120
882,Greece,2014,9,0,9,1129
883,Greece,2015,9,0,9,1138
884,Greece,2016,16,0,16,1154
885,Hungary,1980,0,0,0,0
886,Hungary,1981,0,0,0,0
887,Hungary,1982,0,0,0,0
888,Hungary,1983,0,0,0,0
889,Hungary,1984,0,0,0,0
890,Hungary,1985,0,0,0,0
891,Hungary,1986,0,0,0,0
892,Hungary,1987,0,0,0,0
893,Hungary,1988,0,0,0,0
894,Hungary,1989,0,0,0,0
895,Hungary,1990,0,0,0,0
896,Hungary,1991,0,0,0,0
897,Hungary,1992,0,0,0,0
898,Hungary,1993,1,0,1,1
899,Hungary,1994,1,0,1,2
900,Hungary,1995,0,0,0,2
901,Hungary,1996,0,0,0,2
902,Hungary,1997,0,0,0,2
903,Hungary,1998,0,0,0,2
904,Hungary,1999,2,0,2,4
905,Hungary,2000,2,0,2,6
906,Hungary,2001,3,0,3,9
907,Hungary,2002,3,0,3,12
908,Hungary,2003,3,0,3,15
909,Hungary,2004,5,0,5,20
910,Hungary,2005,6,0,6,26
911,Hungary,2006,5,0,5,31
912,Hungary,2007,7,0,7,38
913,Hungary,2008,6,0,6,44
914,Hungary,2009,6,0,6,50
915,Hungary,2010,13,0,13,63
916,Hungary,2011,12,0,12,75
917,Hungary,2012,12,0,12,87
918,Hungary,2013,11,0,11,98
919,Hungary,2014,13,0,13,111
920,Hungary,2015,13,0,13,124
921,Hungary,2016,7,0,7,131
922,Iceland,1980,0,0,0,0
923,Iceland,1981,0,0,0,0
924,Iceland,1982,0,0,0,0
925,Iceland,1983,0,0,0,0
926,Iceland,1984,0,0,0,0
927,Iceland,1985,0,0,0,0
928,Iceland,1986,0,0,0,0
929,Iceland,1987,0,0,0,0
930,Iceland,1988,1,0,1,1
931,Iceland,1989,0,0,0,1
932,Iceland,1990,3,0,3,4
933,Iceland,1991,0,0,0,4
934,Iceland,1992,0,0,0,4
935,Iceland,1993,0,0,0,4
936,Iceland,1994,1,0,1,5
937,Iceland,1995,0,0,0,5
938,Iceland,1996,1,0,1,6
939,Iceland,1997,3,0,3,9
940,Iceland,1998,1,0,1,10
941,Iceland,1999,1,0,1,11
942,Iceland,2000,3,0,3,14
943,Iceland,2001,1,0,1,15
944,Iceland,2002,1,0,1,16
945,Iceland,2003,1,0,1,17
946,Iceland,2004,1,0,1,18
947,Iceland,2005,1,0,1,19
948,Iceland,2006,1,0,1,20
949,Iceland,2007,0,0,0,20
950,Iceland,2008,0,0,0,20
951,Iceland,2009,2,0,2,22
952,Iceland,2010,4,0,4,26
953,Iceland,2011,0,0,0,26
954,Iceland,2012,1,0,1,27
955,Iceland,2013,1,0,1,28
956,Iceland,2014,0,0,0,28
957,Iceland,2015,0,0,0,28
958,Iceland,2016,0,0,0,28
959,Iraq,1980,0,0,0,0
960,Iraq,1981,0,0,0,0
961,Iraq,1982,0,0,0,0
962,Iraq,1983,0,0,0,0
963,Iraq,1984,0,0,0,0
964,Iraq,1985,0,0,0,0
965,Iraq,1986,0,0,0,0
966,Iraq,1987,0,0,0,0
967,Iraq,1988,0,0,0,0
968,Iraq,1989,0,0,0,0
969,Iraq,1990,0,0,0,0
970,Iraq,1991,0,0,0,0
971,Iraq,1992,0,0,0,0
972,Iraq,1993,0,0,0,0
973,Iraq,1994,0,0,0,0
974,Iraq,1995,0,0,0,0
975,Iraq,1996,0,0,0,0
976,Iraq,1997,0,0,0,0
977,Iraq,1998,0,0,0,0
978,Iraq,1999,0,0,0,0
979,Iraq,2000,0,0,0,0
980,Iraq,2001,0,0,0,0
981,Iraq,2002,0,0,0,0
982,Iraq,2003,0,0,0,0
983,Iraq,2004,0,0,0,0
984,Iraq,2005,0,0,0,0
985,Iraq,2006,0,0,0,0
986,Iraq,2007,0,0,0,0
987,Iraq,2008,4,0,4,4
988,Iraq,2009,0,0,0,4
989,Iraq,2010,0,0,0,4
990,Iraq,2011,0,0,0,4
991,Iraq,2012,4,0,4,8
992,Iraq,2013,0,0,0,8
993,Iraq,2014,0,0,0,8
994,Iraq,2015,0,0,0,8
995,Iraq,2016,0,0,0,8
996,Ireland,1980,0,0,0,0
997,Ireland,1981,0,0,0,0
998,Ireland,1982,0,0,0,0
999,Ireland,1983,0,0,0,0
1000,Ireland,1984,0,0,0,0
1001,Ireland,1985,0,0,0,0
1002,Ireland,1986,0,0,0,0
1003,Ireland,1987,0,0,0,0
1004,Ireland,1988,0,0,0,0
1005,Ireland,1989,0,0,0,0
1006,Ireland,1990,0,0,0,0
1007,Ireland,1991,0,0,0,0
1008,Ireland,1992,0,0,0,0
1009,Ireland,1993,0,0,0,0
1010,Ireland,1994,0,0,0,0
1011,Ireland,1995,0,0,0,0
1012,Ireland,1996,0,0,0,0
1013,Ireland,1997,0,0,0,0
1014,Ireland,1998,0,0,0,0
1015,Ireland,1999,1,0,1,1
1016,Ireland,2000,0,0,0,1
1017,Ireland,2001,2,0,2,3
1018,Ireland,2002,1,0,1,4
1019,Ireland,2003,8,0,8,12
1020,Ireland,2004,10,0,10,22
1021,Ireland,2005,10,0,10,32
1022,Ireland,2006,37,0,37,69
1023,Ireland,2007,18,0,18,87
1024,Ireland,2008,19,0,19,106
1025,Ireland,2009,19,0,19,125
1026,Ireland,2010,21,0,21,146
1027,Ireland,2011,20,0,20,166
1028,Ireland,2012,20,0,20,186
1029,Ireland,2013,27,0,27,213
1030,Ireland,2014,13,0,13,226
1031,Ireland,2015,13,0,13,239
1032,Ireland,2016,13,0,13,252
1033,Israel,1980,0,0,0,0
1034,Israel,1981,0,0,0,0
1035,Israel,1982,0,0,0,0
1036,Israel,1983,0,0,0,0
1037,Israel,1984,0,0,0,0
1038,Israel,1985,0,0,0,0
1039,Israel,1986,0,0,0,0
1040,Israel,1987,0,0,0,0
1041,Israel,1988,0,0,0,0
1042,Israel,1989,0,0,0,0
1043,Israel,1990,0,0,0,0
1044,Israel,1991,0,0,0,0
1045,Israel,1992,0,0,0,0
1046,Israel,1993,0,0,0,0
1047,Israel,1994,0,0,0,0
1048,Israel,1995,0,0,0,0
1049,Israel,1996,0,0,0,0
1050,Israel,1997,0,0,0,0
1051,Israel,1998,0,0,0,0
1052,Israel,1999,0,0,0,0
1053,Israel,2000,3909,0,3909,3909
1054,Israel,2001,3909,0,3909,7818
1055,Israel,2002,3909,0,3909,11727
1056,Israel,2003,3909,0,3909,15636
1057,Israel,2004,0,0,0,15636
1058,Israel,2005,0,0,0,15636
1059,Israel,2006,0,0,0,15636
1060,Israel,2007,0,0,0,15636
1061,Israel,2008,0,0,0,15636
1062,Israel,2009,0,0,0,15636
1063,Israel,2010,0,0,0,15636
1064,Israel,2011,2,0,2,15638
1065,Israel,2012,2,0,2,15640
1066,Israel,2013,2,0,2,15642
1067,Israel,2014,2,0,2,15644
1068,Israel,2015,2,0,2,15646
1069,Israel,2016,2,0,2,15648
1070,Italy,1980,0,0,0,0
1071,Italy,1981,0,0,0,0
1072,Italy,1982,0,0,0,0
1073,Italy,1983,0,0,0,0
1074,Italy,1984,0,0,0,0
1075,Italy,1985,0,0,0,0
1076,Italy,1986,0,0,0,0
1077,Italy,1987,0,0,0,0
1078,Italy,1988,10,0,10,10
1079,Italy,1989,51,0,51,61
1080,Italy,1990,51,0,51,112
1081,Italy,1991,59,0,59,171
1082,Italy,1992,66,0,66,237
1083,Italy,1993,66,0,66,303
1084,Italy,1994,68,0,68,371
1085,Italy,1995,76,0,76,447
1086,Italy,1996,73,0,73,520
1087,Italy,1997,71,0,71,591
1088,Italy,1998,61,0,61,652
1089,Italy,1999,27,0,27,679
1090,Italy,2000,28,0,28,707
1091,Italy,2001,31,0,31,738
1092,Italy,2002,24,0,24,762
1093,Italy,2003,24,0,24,786
1094,Italy,2004,34,0,34,820
1095,Italy,2005,56,0,56,876
1096,Italy,2006,70,0,70,946
1097,Italy,2007,129,0,129,1075
1098,Italy,2008,166,0,166,1241
1099,Italy,2009,194,0,194,1435
1100,Italy,2010,214,0,214,1649
1101,Italy,2011,210,0,210,1859
1102,Italy,2012,227,0,227,2086
1103,Italy,2013,279,0,279,2365
1104,Italy,2014,310,0,310,2675
1105,Italy,2015,348,0,348,3023
1106,Italy,2016,349,0,349,3372
1107,Jordan,1980,0,0,0,0
1108,Jordan,1981,0,0,0,0
1109,Jordan,1982,0,0,0,0
1110,Jordan,1983,0,0,0,0
1111,Jordan,1984,0,0,0,0
1112,Jordan,1985,0,0,0,0
1113,Jordan,1986,0,0,0,0
1114,Jordan,1987,0,0,0,0
1115,Jordan,1988,0,0,0,0
1116,Jordan,1989,0,0,0,0
1117,Jordan,1990,0,0,0,0
1118,Jordan,1991,0,0,0,0
1119,Jordan,1992,0,0,0,0
1120,Jordan,1993,0,0,0,0
1121,Jordan,1994,0,0,0,0
1122,Jordan,1995,0,0,0,0
1123,Jordan,1996,0,0,0,0
1124,Jordan,1997,0,0,0,0
1125,Jordan,1998,0,0,0,0
1126,Jordan,1999,0,0,0,0
1127,Jordan,2000,0,0,0,0
1128,Jordan,2001,0,0,0,0
1129,Jordan,2002,0,0,0,0
1130,Jordan,2003,0,0,0,0
1131,Jordan,2004,4,0,4,4
1132,Jordan,2005,4,0,4,8
1133,Jordan,2006,5,0,5,13
1134,Jordan,2007,4,0,4,17
1135,Jordan,2008,5,0,5,22
1136,Jordan,2009,5,0,5,27
1137,Jordan,2010,5,0,5,32
1138,Jordan,2011,5,0,5,37
1139,Jordan,2012,1,0,1,38
1140,Jordan,2013,1,0,1,39
1141,Jordan,2014,2,0,2,41
1142,Jordan,2015,3,0,3,44
1143,Jordan,2016,3,0,3,47
1144,Kuwait,1980,0,0,0,0
1145,Kuwait,1981,0,0,0,0
1146,Kuwait,1982,0,0,0,0
1147,Kuwait,1983,0,0,0,0
1148,Kuwait,1984,0,0,0,0
1149,Kuwait,1985,0,0,0,0
1150,Kuwait,1986,0,0,0,0
1151,Kuwait,1987,0,0,0,0
1152,Kuwait,1988,0,0,0,0
1153,Kuwait,1989,0,0,0,0
1154,Kuwait,1990,0,0,0,0
1155,Kuwait,1991,0,0,0,0
1156,Kuwait,1992,0,0,0,0
1157,Kuwait,1993,0,0,0,0
1158,Kuwait,1994,0,0,0,0
1159,Kuwait,1995,0,0,0,0
1160,Kuwait,1996,0,0,0,0
1161,Kuwait,1997,0,0,0,0
1162,Kuwait,1998,0,0,0,0
1163,Kuwait,1999,0,0,0,0
1164,Kuwait,2000,0,0,0,0
1165,Kuwait,2001,0,0,0,0
1166,Kuwait,2002,0,0,0,0
1167,Kuwait,2003,0,0,0,0
1168,Kuwait,2004,0,0,0,0
1169,Kuwait,2005,0,0,0,0
1170,Kuwait,2006,0,0,0,0
1171,Kuwait,2007,0,0,0,0
1172,Kuwait,2008,0,0,0,0
1173,Kuwait,2009,0,0,0,0
1174,Kuwait,2010,0,0,0,0
1175,Kuwait,2011,0,0,0,0
1176,Kuwait,2012,3,0,3,3
1177,Kuwait,2013,5,0,5,8
1178,Kuwait,2014,5,0,5,13
1179,Kuwait,2015,5,0,5,18
1180,Kuwait,2016,5,0,5,23
1181,Latvia,1980,0,0,0,0
1182,Latvia,1981,0,0,0,0
1183,Latvia,1982,0,0,0,0
1184,Latvia,1983,0,0,0,0
1185,Latvia,1984,0,0,0,0
1186,Latvia,1985,0,0,0,0
1187,Latvia,1986,0,0,0,0
1188,Latvia,1987,0,0,0,0
1189,Latvia,1988,0,0,0,0
1190,Latvia,1989,0,0,0,0
1191,Latvia,1990,0,0,0,0
1192,Latvia,1991,0,0,0,0
1193,Latvia,1992,0,0,0,0
1194,Latvia,1993,0,0,0,0
1195,Latvia,1994,0,0,0,0
1196,Latvia,1995,0,0,0,0
1197,Latvia,1996,1,0,1,1
1198,Latvia,1997,0,0,0,1
1199,Latvia,1998,0,0,0,1
1200,Latvia,1999,0,0,0,1
1201,Latvia,2000,0,0,0,1
1202,Latvia,2001,9,0,9,10
1203,Latvia,2002,24,0,24,34
1204,Latvia,2003,11,0,11,45
1205,Latvia,2004,14,0,14,59
1206,Latvia,2005,0,0,0,59
1207,Latvia,2006,11,0,11,70
1208,Latvia,2007,1,0,1,71
1209,Latvia,2008,4,0,4,75
1210,Latvia,2009,0,0,0,75
1211,Latvia,2010,0,0,0,75
1212,Latvia,2011,0,0,0,75
1213,Latvia,2012,0,0,0,75
1214,Latvia,2013,0,0,0,75
1215,Latvia,2014,0,0,0,75
1216,Latvia,2015,0,0,0,75
1217,Latvia,2016,0,0,0,75
1218,Liberia,1980,0,0,0,0
1219,Liberia,1981,0,0,0,0
1220,Liberia,1982,0,0,0,0
1221,Liberia,1983,0,0,0,0
1222,Liberia,1984,0,0,0,0
1223,Liberia,1985,0,0,0,0
1224,Liberia,1986,0,0,0,0
1225,Liberia,1987,0,0,0,0
1226,Liberia,1988,0,0,0,0
1227,Liberia,1989,0,0,0,0
1228,Liberia,1990,0,0,0,0
1229,Liberia,1991,0,0,0,0
1230,Liberia,1992,0,0,0,0
1231,Liberia,1993,16,0,16,16
1232,Liberia,1994,16,0,16,32
1233,Liberia,1995,13,0,13,45
1234,Liberia,1996,12,0,12,57
1235,Liberia,1997,12,0,12,69
1236,Liberia,1998,12,0,12,81
1237,Liberia,1999,12,0,12,93
1238,Liberia,2000,12,0,12,105
1239,Liberia,2001,12,0,12,117
1240,Liberia,2002,12,0,12,129
1241,Liberia,2003,12,0,12,141
1242,Liberia,2004,0,0,0,141
1243,Liberia,2005,0,0,0,141
1244,Liberia,2006,0,0,0,141
1245,Liberia,2007,0,0,0,141
1246,Liberia,2008,0,0,0,141
1247,Liberia,2009,0,0,0,141
1248,Liberia,2010,0,0,0,141
1249,Liberia,2011,0,0,0,141
1250,Liberia,2012,0,0,0,141
1251,Liberia,2013,0,0,0,141
1252,Liberia,2014,0,0,0,141
1253,Liberia,2015,0,0,0,141
1254,Liberia,2016,0,0,0,141
1255,Libya,1980,0,0,0,0
1256,Libya,1981,0,0,0,0
1257,Libya,1982,0,0,0,0
1258,Libya,1983,0,0,0,0
1259,Libya,1984,0,0,0,0
1260,Libya,1985,0,0,0,0
1261,Libya,1986,0,0,0,0
1262,Libya,1987,0,0,0,0
1263,Libya,1988,0,0,0,0
1264,Libya,1989,0,0,0,0
1265,Libya,1990,0,0,0,0
1266,Libya,1991,0,0,0,0
1267,Libya,1992,0,0,0,0
1268,Libya,1993,0,0,0,0
1269,Libya,1994,0,0,0,0
1270,Libya,1995,0,0,0,0
1271,Libya,1996,0,0,0,0
1272,Libya,1997,5,0,5,5
1273,Libya,1998,5,0,5,10
1274,Libya,1999,0,0,0,10
1275,Libya,2000,0,0,0,10
1276,Libya,2001,0,0,0,10
1277,Libya,2002,0,0,0,10
1278,Libya,2003,0,0,0,10
1279,Libya,2004,0,0,0,10
1280,Libya,2005,0,0,0,10
1281,Libya,2006,0,0,0,10
1282,Libya,2007,0,0,0,10
1283,Libya,2008,0,0,0,10
1284,Libya,2009,0,0,0,10
1285,Libya,2010,0,0,0,10
1286,Libya,2011,0,0,0,10
1287,Libya,2012,0,0,0,10
1288,Libya,2013,0,0,0,10
1289,Libya,2014,0,0,0,10
1290,Libya,2015,0,0,0,10
1291,Libya,2016,0,0,0,10
1292,Lithunia,1980,0,0,0,0
1293,Lithunia,1981,0,0,0,0
1294,Lithunia,1982,0,0,0,0
1295,Lithunia,1983,0,0,0,0
1296,Lithunia,1984,0,0,0,0
1297,Lithunia,1985,0,0,0,0
1298,Lithunia,1986,0,0,0,0
1299,Lithunia,1987,0,0,0,0
1300,Lithunia,1988,0,0,0,0
1301,Lithunia,1989,0,0,0,0
1302,Lithunia,1990,0,0,0,0
1303,Lithunia,1991,0,0,0,0
1304,Lithunia,1992,0,0,0,0
1305,Lithunia,1993,0,0,0,0
1306,Lithunia,1994,0,0,0,0
1307,Lithunia,1995,0,0,0,0
1308,Lithunia,1996,0,0,0,0
1309,Lithunia,1997,0,0,0,0
1310,Lithunia,1998,0,0,0,0
1311,Lithunia,1999,0,0,0,0
1312,Lithunia,2000,1,0,1,1
1313,Lithunia,2001,792,0,792,793
1314,Lithunia,2002,191,0,191,984
1315,Lithunia,2003,195,0,195,1179
1316,Lithunia,2004,101,0,101,1280
1317,Lithunia,2005,137,0,137,1417
1318,Lithunia,2006,113,0,113,1530
1319,Lithunia,2007,76,0,76,1606
1320,Lithunia,2008,138,0,138,1744
1321,Lithunia,2009,126,0,126,1870
1322,Lithunia,2010,43,0,43,1913
1323,Lithunia,2011,28,0,28,1941
1324,Lithunia,2012,20,0,20,1961
1325,Lithunia,2013,47,0,47,2008
1326,Lithunia,2014,0,0,0,2008
1327,Lithunia,2015,0,0,0,2008
1328,Lithunia,2016,0,0,0,2008
1329,Luxembourg,1980,0,0,0,0
1330,Luxembourg,1981,0,0,0,0
1331,Luxembourg,1982,0,0,0,0
1332,Luxembourg,1983,0,0,0,0
1333,Luxembourg,1984,0,0,0,0
1334,Luxembourg,1985,0,0,0,0
1335,Luxembourg,1986,0,0,0,0
1336,Luxembourg,1987,0,0,0,0
1337,Luxembourg,1988,0,0,0,0
1338,Luxembourg,1989,0,0,0,0
1339,Luxembourg,1990,0,0,0,0
1340,Luxembourg,1991,0,0,0,0
1341,Luxembourg,1992,0,0,0,0
1342,Luxembourg,1993,0,0,0,0
1343,Luxembourg,1994,0,0,0,0
1344,Luxembourg,1995,0,0,0,0
1345,Luxembourg,1996,0,0,0,0
1346,Luxembourg,1997,0,0,0,0
1347,Luxembourg,1998,0,0,0,0
1348,Luxembourg,1999,0,0,0,0
1349,Luxembourg,2000,0,0,0,0
1350,Luxembourg,2001,0,0,0,0
1351,Luxembourg,2002,0,0,0,0
1352,Luxembourg,2003,0,0,0,0
1353,Luxembourg,2004,0,0,0,0
1354,Luxembourg,2005,0,0,0,0
1355,Luxembourg,2006,0,0,0,0
1356,Luxembourg,2007,0,0,0,0
1357,Luxembourg,2008,0,0,0,0
1358,Luxembourg,2009,0,0,0,0
1359,Luxembourg,2010,0,0,0,0
1360,Luxembourg,2011,0,0,0,0
1361,Luxembourg,2012,0,0,0,0
1362,Luxembourg,2013,2,0,2,2
1363,Luxembourg,2014,2,0,2,4
1364,Luxembourg,2015,2,0,2,6
1365,Luxembourg,2016,2,0,2,8
1366,Macedonia,1980,0,0,0,0
1367,Macedonia,1981,0,0,0,0
1368,Macedonia,1982,0,0,0,0
1369,Macedonia,1983,0,0,0,0
1370,Macedonia,1984,0,0,0,0
1371,Macedonia,1985,0,0,0,0
1372,Macedonia,1986,0,0,0,0
1373,Macedonia,1987,0,0,0,0
1374,Macedonia,1988,0,0,0,0
1375,Macedonia,1989,0,0,0,0
1376,Macedonia,1990,0,0,0,0
1377,Macedonia,1991,0,0,0,0
1378,Macedonia,1992,0,0,0,0
1379,Macedonia,1993,0,0,0,0
1380,Macedonia,1994,0,0,0,0
1381,Macedonia,1995,0,0,0,0
1382,Macedonia,1996,0,0,0,0
1383,Macedonia,1997,0,0,0,0
1384,Macedonia,1998,0,0,0,0
1385,Macedonia,1999,0,0,0,0
1386,Macedonia,2000,0,0,0,0
1387,Macedonia,2001,0,0,0,0
1388,Macedonia,2002,0,0,0,0
1389,Macedonia,2003,0,0,0,0
1390,Macedonia,2004,0,0,0,0
1391,Macedonia,2005,0,0,0,0
1392,Macedonia,2006,1,0,1,1
1393,Macedonia,2007,0,0,0,1
1394,Macedonia,2008,0,0,0,1
1395,Macedonia,2009,0,0,0,1
1396,Macedonia,2010,0,0,0,1
1397,Macedonia,2011,0,0,0,1
1398,Macedonia,2012,0,0,0,1
1399,Macedonia,2013,0,0,0,1
1400,Macedonia,2014,0,0,0,1
1401,Macedonia,2015,0,0,0,1
1402,Macedonia,2016,0,0,0,1
1403,Malaysia,1980,0,0,0,0
1404,Malaysia,1981,0,0,0,0
1405,Malaysia,1982,0,0,0,0
1406,Malaysia,1983,0,0,0,0
1407,Malaysia,1984,0,0,0,0
1408,Malaysia,1985,0,0,0,0
1409,Malaysia,1986,0,0,0,0
1410,Malaysia,1987,0,0,0,0
1411,Malaysia,1988,0,0,0,0
1412,Malaysia,1989,0,0,0,0
1413,Malaysia,1990,0,0,0,0
1414,Malaysia,1991,0,0,0,0
1415,Malaysia,1992,0,0,0,0
1416,Malaysia,1993,0,0,0,0
1417,Malaysia,1994,0,0,0,0
1418,Malaysia,1995,0,0,0,0
1419,Malaysia,1996,0,0,0,0
1420,Malaysia,1997,0,0,0,0
1421,Malaysia,1998,0,0,0,0
1422,Malaysia,1999,0,0,0,0
1423,Malaysia,2000,0,0,0,0
1424,Malaysia,2001,0,0,0,0
1425,Malaysia,2002,0,0,0,0
1426,Malaysia,2003,0,0,0,0
1427,Malaysia,2004,0,0,0,0
1428,Malaysia,2005,0,0,0,0
1429,Malaysia,2006,5,0,5,5
1430,Malaysia,2007,1,0,1,6
1431,Malaysia,2008,1,0,1,7
1432,Malaysia,2009,1,0,1,8
1433,Malaysia,2010,1,0,1,9
1434,Malaysia,2011,1,0,1,10
1435,Malaysia,2012,1,0,1,11
1436,Malaysia,2013,1,0,1,12
1437,Malaysia,2014,3,0,3,15
1438,Malaysia,2015,5,0,5,20
1439,Malaysia,2016,5,0,5,25
1440,Malta,1980,0,0,0,0
1441,Malta,1981,0,0,0,0
1442,Malta,1982,0,0,0,0
1443,Malta,1983,0,0,0,0
1444,Malta,1984,0,0,0,0
1445,Malta,1985,0,0,0,0
1446,Malta,1986,0,0,0,0
1447,Malta,1987,0,0,0,0
1448,Malta,1988,0,0,0,0
1449,Malta,1989,0,0,0,0
1450,Malta,1990,0,0,0,0
1451,Malta,1991,0,0,0,0
1452,Malta,1992,0,0,0,0
1453,Malta,1993,0,0,0,0
1454,Malta,1994,0,0,0,0
1455,Malta,1995,1,0,1,1
1456,Malta,1996,1,0,1,2
1457,Malta,1997,1,0,1,3
1458,Malta,1998,2,0,2,5
1459,Malta,1999,0,0,0,5
1460,Malta,2000,5,0,5,10
1461,Malta,2001,0,0,0,10
1462,Malta,2002,0,0,0,10
1463,Malta,2003,0,0,0,10
1464,Malta,2004,1,0,1,11
1465,Malta,2005,0,0,0,11
1466,Malta,2006,0,0,0,11
1467,Malta,2007,0,0,0,11
1468,Malta,2008,0,0,0,11
1469,Malta,2009,0,0,0,11
1470,Malta,2010,0,0,0,11
1471,Malta,2011,0,0,0,11
1472,Malta,2012,0,0,0,11
1473,Malta,2013,0,0,0,11
1474,Malta,2014,1,0,1,12
1475,Malta,2015,1,0,1,13
1476,Malta,2016,1,0,1,14
1477,Mauritania,1980,0,0,0,0
1478,Mauritania,1981,0,0,0,0
1479,Mauritania,1982,0,0,0,0
1480,Mauritania,1983,0,0,0,0
1481,Mauritania,1984,0,0,0,0
1482,Mauritania,1985,0,0,0,0
1483,Mauritania,1986,0,0,0,0
1484,Mauritania,1987,0,0,0,0
1485,Mauritania,1988,0,0,0,0
1486,Mauritania,1989,0,0,0,0
1487,Mauritania,1990,0,0,0,0
1488,Mauritania,1991,0,0,0,0
1489,Mauritania,1992,0,0,0,0
1490,Mauritania,1993,0,0,0,0
1491,Mauritania,1994,0,0,0,0
1492,Mauritania,1995,0,0,0,0
1493,Mauritania,1996,0,0,0,0
1494,Mauritania,1997,0,0,0,0
1495,Mauritania,1998,0,0,0,0
1496,Mauritania,1999,0,0,0,0
1497,Mauritania,2000,0,0,0,0
1498,Mauritania,2001,0,0,0,0
1499,Mauritania,2002,0,0,0,0
1500,Mauritania,2003,0,0,0,0
1501,Mauritania,2004,0,0,0,0
1502,Mauritania,2005,0,0,0,0
1503,Mauritania,2006,0,0,0,0
1504,Mauritania,2007,0,0,0,0
1505,Mauritania,2008,0,0,0,0
1506,Mauritania,2009,0,0,0,0
1507,Mauritania,2010,0,0,0,0
1508,Mauritania,2011,0,0,0,0
1509,Mauritania,2012,0,0,0,0
1510,Mauritania,2013,0,0,0,0
1511,Mauritania,2014,0,0,0,0
1512,Mauritania,2015,0,0,0,0
1513,Mauritania,2016,2,0,2,2
1514,Mexico,1980,0,0,0,0
1515,Mexico,1981,0,0,0,0
1516,Mexico,1982,0,0,0,0
1517,Mexico,1983,0,0,0,0
1518,Mexico,1984,0,0,0,0
1519,Mexico,1985,0,0,0,0
1520,Mexico,1986,0,0,0,0
1521,Mexico,1987,0,0,0,0
1522,Mexico,1988,0,0,0,0
1523,Mexico,1989,0,0,0,0
1524,Mexico,1990,0,0,0,0
1525,Mexico,1991,0,0,0,0
1526,Mexico,1992,0,0,0,0
1527,Mexico,1993,0,0,0,0
1528,Mexico,1994,0,0,0,0
1529,Mexico,1995,0,0,0,0
1530,Mexico,1996,0,0,0,0
1531,Mexico,1997,0,0,0,0
1532,Mexico,1998,0,0,0,0
1533,Mexico,1999,2,0,2,2
1534,Mexico,2000,2,0,2,4
1535,Mexico,2001,2,0,2,6
1536,Mexico,2002,2,0,2,8
1537,Mexico,2003,2,0,2,10
1538,Mexico,2004,2,0,2,12
1539,Mexico,2005,2,0,2,14
1540,Mexico,2006,2,0,2,16
1541,Mexico,2007,1,0,1,17
1542,Mexico,2008,1,0,1,18
1543,Mexico,2009,1,0,1,19
1544,Mexico,2010,1,0,1,20
1545,Mexico,2011,1,0,1,21
1546,Mexico,2012,1,0,1,22
1547,Mexico,2013,1,0,1,23
1548,Mexico,2014,1,0,1,24
1549,Mexico,2015,1,0,1,25
1550,Mexico,2016,1,0,1,26
1551,Moldova,1980,0,0,0,0
1552,Moldova,1981,0,0,0,0
1553,Moldova,1982,0,0,0,0
1554,Moldova,1983,0,0,0,0
1555,Moldova,1984,0,0,0,0
1556,Moldova,1985,0,0,0,0
1557,Moldova,1986,0,0,0,0
1558,Moldova,1987,0,0,0,0
1559,Moldova,1988,0,0,0,0
1560,Moldova,1989,0,0,0,0
1561,Moldova,1990,0,0,0,0
1562,Moldova,1991,0,0,0,0
1563,Moldova,1992,0,0,0,0
1564,Moldova,1993,0,0,0,0
1565,Moldova,1994,0,0,0,0
1566,Moldova,1995,0,0,0,0
1567,Moldova,1996,0,0,0,0
1568,Moldova,1997,0,0,0,0
1569,Moldova,1998,0,0,0,0
1570,Moldova,1999,0,0,0,0
1571,Moldova,2000,0,0,0,0
1572,Moldova,2001,0,0,0,0
1573,Moldova,2002,0,0,0,0
1574,Moldova,2003,0,0,0,0
1575,Moldova,2004,0,0,0,0
1576,Moldova,2005,0,0,0,0
1577,Moldova,2006,24,0,24,24
1578,Moldova,2007,0,0,0,24
1579,Moldova,2008,0,0,0,24
1580,Moldova,2009,0,0,0,24
1581,Moldova,2010,0,0,0,24
1582,Moldova,2011,0,0,0,24
1583,Moldova,2012,0,0,0,24
1584,Moldova,2013,0,0,0,24
1585,Moldova,2014,0,0,0,24
1586,Moldova,2015,0,0,0,24
1587,Moldova,2016,0,0,0,24
1588,Nauru,1980,0,0,0,0
1589,Nauru,1981,0,0,0,0
1590,Nauru,1982,0,0,0,0
1591,Nauru,1983,0,0,0,0
1592,Nauru,1984,0,0,0,0
1593,Nauru,1985,0,0,0,0
1594,Nauru,1986,0,0,0,0
1595,Nauru,1987,0,0,0,0
1596,Nauru,1988,0,0,0,0
1597,Nauru,1989,0,0,0,0
1598,Nauru,1990,0,0,0,0
1599,Nauru,1991,0,0,0,0
1600,Nauru,1992,0,0,0,0
1601,Nauru,1993,0,0,0,0
1602,Nauru,1994,0,0,0,0
1603,Nauru,1995,0,0,0,0
1604,Nauru,1996,0,0,0,0
1605,Nauru,1997,0,0,0,0
1606,Nauru,1998,0,0,0,0
1607,Nauru,1999,0,0,0,0
1608,Nauru,2000,0,0,0,0
1609,Nauru,2001,0,0,0,0
1610,Nauru,2002,0,0,0,0
1611,Nauru,2003,0,0,0,0
1612,Nauru,2004,0,0,0,0
1613,Nauru,2005,0,0,0,0
1614,Nauru,2006,0,0,0,0
1615,Nauru,2007,0,0,0,0
1616,Nauru,2008,0,0,0,0
1617,Nauru,2009,0,0,0,0
1618,Nauru,2010,0,0,0,0
1619,Nauru,2011,0,0,0,0
1620,Nauru,2012,0,0,0,0
1621,Nauru,2013,0,0,0,0
1622,Nauru,2014,10,0,10,10
1623,Nauru,2015,10,0,10,20
1624,Nauru,2016,10,0,10,30
1625,Netherlands,1980,0,0,0,0
1626,Netherlands,1981,0,0,0,0
1627,Netherlands,1982,0,0,0,0
1628,Netherlands,1983,0,0,0,0
1629,Netherlands,1984,0,0,0,0
1630,Netherlands,1985,0,0,0,0
1631,Netherlands,1986,0,0,0,0
1632,Netherlands,1987,0,0,0,0
1633,Netherlands,1988,0,0,0,0
1634,Netherlands,1989,0,0,0,0
1635,Netherlands,1990,0,0,0,0
1636,Netherlands,1991,0,0,0,0
1637,Netherlands,1992,252,0,252,252
1638,Netherlands,1993,252,0,252,504
1639,Netherlands,1994,264,0,264,768
1640,Netherlands,1995,294,0,294,1062
1641,Netherlands,1996,343,0,343,1405
1642,Netherlands,1997,386,0,386,1791
1643,Netherlands,1998,388,0,388,2179
1644,Netherlands,1999,360,0,360,2539
1645,Netherlands,2000,352,0,352,2891
1646,Netherlands,2001,325,0,325,3216
1647,Netherlands,2002,206,0,206,3422
1648,Netherlands,2003,212,0,212,3634
1649,Netherlands,2004,206,0,206,3840
1650,Netherlands,2005,176,0,176,4016
1651,Netherlands,2006,139,0,139,4155
1652,Netherlands,2007,96,0,96,4251
1653,Netherlands,2008,79,0,79,4330
1654,Netherlands,2009,69,0,69,4399
1655,Netherlands,2010,61,0,61,4460
1656,Netherlands,2011,52,0,52,4512
1657,Netherlands,2012,67,0,67,4579
1658,Netherlands,2013,53,0,53,4632
1659,Netherlands,2014,37,0,37,4669
1660,Netherlands,2015,37,0,37,4706
1661,Netherlands,2016,32,0,32,4738
1662,New Zealand,1980,1,0,1,1
1663,New Zealand,1981,4,0,4,5
1664,New Zealand,1982,0,0,0,5
1665,New Zealand,1983,2,0,2,7
1666,New Zealand,1984,0,0,0,7
1667,New Zealand,1985,0,0,0,7
1668,New Zealand,1986,0,0,0,7
1669,New Zealand,1987,0,0,0,7
1670,New Zealand,1988,2,0,2,9
1671,New Zealand,1989,6,0,6,15
1672,New Zealand,1990,0,0,0,15
1673,New Zealand,1991,2,0,2,17
1674,New Zealand,1992,1,0,1,18
1675,New Zealand,1993,7,0,7,25
1676,New Zealand,1994,12,0,12,37
1677,New Zealand,1995,3,0,3,40
1678,New Zealand,1996,7,0,7,47
1679,New Zealand,1997,1,0,1,48
1680,New Zealand,1998,4,0,4,52
1681,New Zealand,1999,13,0,13,65
1682,New Zealand,2000,6,0,6,71
1683,New Zealand,2001,10,0,10,81
1684,New Zealand,2002,7,0,7,88
1685,New Zealand,2003,10,0,10,98
1686,New Zealand,2004,10,0,10,108
1687,New Zealand,2005,10,0,10,118
1688,New Zealand,2006,8,0,8,126
1689,New Zealand,2007,10,0,10,136
1690,New Zealand,2008,11,0,11,147
1691,New Zealand,2009,18,0,18,165
1692,New Zealand,2010,12,0,12,177
1693,New Zealand,2011,10,0,10,187
1694,New Zealand,2012,10,0,10,197
1695,New Zealand,2013,6,0,6,203
1696,New Zealand,2014,5,0,5,208
1697,New Zealand,2015,2,0,2,210
1698,New Zealand,2016,2,0,2,212
1699,Norway,1980,2,0,2,2
1700,Norway,1981,5,0,5,7
1701,Norway,1982,0,0,0,7
1702,Norway,1983,3,0,3,10
1703,Norway,1984,4,0,4,14
1704,Norway,1985,4,0,4,18
1705,Norway,1986,1,0,1,19
1706,Norway,1987,5,0,5,24
1707,Norway,1988,4,0,4,28
1708,Norway,1989,14,0,14,42
1709,Norway,1990,23,0,23,65
1710,Norway,1991,39,0,39,104
1711,Norway,1992,77,0,77,181
1712,Norway,1993,66,0,66,247
1713,Norway,1994,82,0,82,329
1714,Norway,1995,19,0,19,348
1715,Norway,1996,13,0,13,361
1716,Norway,1997,206,0,206,567
1717,Norway,1998,210,0,210,777
1718,Norway,1999,234,0,234,1011
1719,Norway,2000,173,0,173,1184
1720,Norway,2001,52,0,52,1236
1721,Norway,2002,60,0,60,1296
1722,Norway,2003,33,0,33,1329
1723,Norway,2004,31,0,31,1360
1724,Norway,2005,39,0,39,1399
1725,Norway,2006,37,0,37,1436
1726,Norway,2007,38,0,38,1474
1727,Norway,2008,45,0,45,1519
1728,Norway,2009,48,0,48,1567
1729,Norway,2010,45,0,45,1612
1730,Norway,2011,43,0,43,1655
1731,Norway,2012,37,0,37,1692
1732,Norway,2013,44,0,44,1736
1733,Norway,2014,38,0,38,1774
1734,Norway,2015,30,0,30,1804
1735,Norway,2016,40,0,40,1844
1736,Nigeria,1980,0,0,0,0
1737,Nigeria,1981,0,0,0,0
1738,Nigeria,1982,0,0,0,0
1739,Nigeria,1983,0,0,0,0
1740,Nigeria,1984,0,0,0,0
1741,Nigeria,1985,0,0,0,0
1742,Nigeria,1986,0,0,0,0
1743,Nigeria,1987,0,0,0,0
1744,Nigeria,1988,0,0,0,0
1745,Nigeria,1989,0,0,0,0
1746,Nigeria,1990,0,0,0,0
1747,Nigeria,1991,0,0,0,0
1748,Nigeria,1992,0,0,0,0
1749,Nigeria,1993,1,0,1,1
1750,Nigeria,1994,1,0,1,2
1751,Nigeria,1995,0,0,0,2
1752,Nigeria,1996,0,0,0,2
1753,Nigeria,1997,0,0,0,2
1754,Nigeria,1998,0,0,0,2
1755,Nigeria,1999,0,0,0,2
1756,Nigeria,2000,0,0,0,2
1757,Nigeria,2001,0,0,0,2
1758,Nigeria,2002,0,0,0,2
1759,Nigeria,2003,0,0,0,2
1760,Nigeria,2004,0,0,0,2
1761,Nigeria,2005,0,0,0,2
1762,Nigeria,2006,0,0,0,2
1763,Nigeria,2007,0,0,0,2
1764,Nigeria,2008,0,0,0,2
1765,Nigeria,2009,0,0,0,2
1766,Nigeria,2010,0,0,0,2
1767,Nigeria,2011,0,0,0,2
1768,Nigeria,2012,0,0,0,2
1769,Nigeria,2013,0,0,0,2
1770,Nigeria,2014,0,0,0,2
1771,Nigeria,2015,0,0,0,2
1772,Nigeria,2016,1,0,1,3
1773,Portugal,1980,0,0,0,0
1774,Portugal,1981,0,0,0,0
1775,Portugal,1982,0,0,0,0
1776,Portugal,1983,0,0,0,0
1777,Portugal,1984,0,0,0,0
1778,Portugal,1985,0,0,0,0
1779,Portugal,1986,0,0,0,0
1780,Portugal,1987,0,0,0,0
1781,Portugal,1988,0,0,0,0
1782,Portugal,1989,0,0,0,0
1783,Portugal,1990,0,0,0,0
1784,Portugal,1991,0,0,0,0
1785,Portugal,1992,7,0,7,7
1786,Portugal,1993,1,0,1,8
1787,Portugal,1994,2,0,2,10
1788,Portugal,1995,1,0,1,11
1789,Portugal,1996,3,0,3,14
1790,Portugal,1997,2,0,2,16
1791,Portugal,1998,0,0,0,16
1792,Portugal,1999,0,0,0,16
1793,Portugal,2000,0,0,0,16
1794,Portugal,2001,0,0,0,16
1795,Portugal,2002,0,0,0,16
1796,Portugal,2003,0,0,0,16
1797,Portugal,2004,0,0,0,16
1798,Portugal,2005,0,0,0,16
1799,Portugal,2006,0,0,0,16
1800,Portugal,2007,0,0,0,16
1801,Portugal,2008,0,0,0,16
1802,Portugal,2009,0,0,0,16
1803,Portugal,2010,0,0,0,16
1804,Portugal,2011,0,0,0,16
1805,Portugal,2012,0,0,0,16
1806,Portugal,2013,0,0,0,16
1807,Portugal,2014,0,0,0,16
1808,Portugal,2015,0,0,0,16
1809,Portugal,2016,0,0,0,16
1810,Peru,1980,0,0,0,0
1811,Peru,1981,0,0,0,0
1812,Peru,1982,0,0,0,0
1813,Peru,1983,0,0,0,0
1814,Peru,1984,0,0,0,0
1815,Peru,1985,0,0,0,0
1816,Peru,1986,0,0,0,0
1817,Peru,1987,0,0,0,0
1818,Peru,1988,0,0,0,0
1819,Peru,1989,0,0,0,0
1820,Peru,1990,0,0,0,0
1821,Peru,1991,0,0,0,0
1822,Peru,1992,0,0,0,0
1823,Peru,1993,0,0,0,0
1824,Peru,1994,0,0,0,0
1825,Peru,1995,0,0,0,0
1826,Peru,1996,0,0,0,0
1827,Peru,1997,0,0,0,0
1828,Peru,1998,0,0,0,0
1829,Peru,1999,0,0,0,0
1830,Peru,2000,0,0,0,0
1831,Peru,2001,0,0,0,0
1832,Peru,2002,0,0,0,0
1833,Peru,2003,0,0,0,0
1834,Peru,2004,0,0,0,0
1835,Peru,2005,0,0,0,0
1836,Peru,2006,0,0,0,0
1837,Peru,2007,0,0,0,0
1838,Peru,2008,0,0,0,0
1839,Peru,2009,0,0,0,0
1840,Peru,2010,0,0,0,0
1841,Peru,2011,0,0,0,0
1842,Peru,2012,1,0,1,1
1843,Peru,2013,1,0,1,2
1844,Peru,2014,1,0,1,3
1845,Peru,2015,1,0,1,4
1846,Peru,2016,1,0,1,5
1847,Philippines,1980,0,0,0,0
1848,Philippines,1981,0,0,0,0
1849,Philippines,1982,0,0,0,0
1850,Philippines,1983,0,0,0,0
1851,Philippines,1984,0,0,0,0
1852,Philippines,1985,0,0,0,0
1853,Philippines,1986,0,0,0,0
1854,Philippines,1987,0,0,0,0
1855,Philippines,1988,0,0,0,0
1856,Philippines,1989,0,0,0,0
1857,Philippines,1990,0,0,0,0
1858,Philippines,1991,0,0,0,0
1859,Philippines,1992,0,0,0,0
1860,Philippines,1993,0,0,0,0
1861,Philippines,1994,0,0,0,0
1862,Philippines,1995,0,0,0,0
1863,Philippines,1996,0,0,0,0
1864,Philippines,1997,1,0,1,1
1865,Philippines,1998,0,0,0,1
1866,Philippines,1999,0,0,0,1
1867,Philippines,2000,0,0,0,1
1868,Philippines,2001,0,0,0,1
1869,Philippines,2002,0,0,0,1
1870,Philippines,2003,0,0,0,1
1871,Philippines,2004,0,0,0,1
1872,Philippines,2005,0,0,0,1
1873,Philippines,2006,0,0,0,1
1874,Philippines,2007,0,0,0,1
1875,Philippines,2008,0,0,0,1
1876,Philippines,2009,1,0,1,2
1877,Philippines,2010,2,0,2,4
1878,Philippines,2011,2,0,2,6
1879,Philippines,2012,2,0,2,8
1880,Philippines,2013,2,0,2,10
1881,Philippines,2014,1,0,1,11
1882,Philippines,2015,1,0,1,12
1883,Philippines,2016,1,0,1,13
1884,Poland,1980,0,0,0,0
1885,Poland,1981,0,0,0,0
1886,Poland,1982,0,0,0,0
1887,Poland,1983,0,0,0,0
1888,Poland,1984,0,0,0,0
1889,Poland,1985,0,0,0,0
1890,Poland,1986,0,0,0,0
1891,Poland,1987,0,0,0,0
1892,Poland,1988,0,0,0,0
1893,Poland,1989,0,0,0,0
1894,Poland,1990,0,0,0,0
1895,Poland,1991,0,0,0,0
1896,Poland,1992,0,0,0,0
1897,Poland,1993,0,0,0,0
1898,Poland,1994,0,0,0,0
1899,Poland,1995,0,0,0,0
1900,Poland,1996,0,0,0,0
1901,Poland,1997,14,0,14,14
1902,Poland,1998,14,0,14,28
1903,Poland,1999,16,0,16,44
1904,Poland,2000,16,0,16,60
1905,Poland,2001,17,0,17,77
1906,Poland,2002,17,0,17,94
1907,Poland,2003,18,0,18,112
1908,Poland,2004,5,0,5,117
1909,Poland,2005,4,0,4,121
1910,Poland,2006,5,0,5,126
1911,Poland,2007,4,0,4,130
1912,Poland,2008,16,0,16,146
1913,Poland,2009,2,0,2,148
1914,Poland,2010,4,0,4,152
1915,Poland,2011,4,0,4,156
1916,Poland,2012,4,0,4,160
1917,Poland,2013,3,0,3,163
1918,Poland,2014,2,0,2,165
1919,Poland,2015,2,0,2,167
1920,Poland,2016,2,0,2,169
1921,Qatar,1980,0,0,0,0
1922,Qatar,1981,0,0,0,0
1923,Qatar,1982,0,0,0,0
1924,Qatar,1983,0,0,0,0
1925,Qatar,1984,0,0,0,0
1926,Qatar,1985,0,0,0,0
1927,Qatar,1986,0,0,0,0
1928,Qatar,1987,0,0,0,0
1929,Qatar,1988,0,0,0,0
1930,Qatar,1989,0,0,0,0
1931,Qatar,1990,0,0,0,0
1932,Qatar,1991,0,0,0,0
1933,Qatar,1992,0,0,0,0
1934,Qatar,1993,0,0,0,0
1935,Qatar,1994,0,0,0,0
1936,Qatar,1995,0,0,0,0
1937,Qatar,1996,0,0,0,0
1938,Qatar,1997,0,0,0,0
1939,Qatar,1998,0,0,0,0
1940,Qatar,1999,0,0,0,0
1941,Qatar,2000,0,0,0,0
1942,Qatar,2001,0,0,0,0
1943,Qatar,2002,0,0,0,0
1944,Qatar,2003,0,0,0,0
1945,Qatar,2004,0,0,0,0
1946,Qatar,2005,0,0,0,0
1947,Qatar,2006,0,0,0,0
1948,Qatar,2007,0,0,0,0
1949,Qatar,2008,0,0,0,0
1950,Qatar,2009,0,0,0,0
1951,Qatar,2010,0,0,0,0
1952,Qatar,2011,0,0,0,0
1953,Qatar,2012,0,0,0,0
1954,Qatar,2013,0,0,0,0
1955,Qatar,2014,0,0,0,0
1956,Qatar,2015,1,0,1,1
1957,Qatar,2016,0,0,0,1
1958,Romania,1980,0,0,0,0
1959,Romania,1981,0,0,0,0
1960,Romania,1982,0,0,0,0
1961,Romania,1983,0,0,0,0
1962,Romania,1984,0,0,0,0
1963,Romania,1985,0,0,0,0
1964,Romania,1986,0,0,0,0
1965,Romania,1987,0,0,0,0
1966,Romania,1988,0,0,0,0
1967,Romania,1989,0,0,0,0
1968,Romania,1990,0,0,0,0
1969,Romania,1991,0,0,0,0
1970,Romania,1992,0,0,0,0
1971,Romania,1993,0,0,0,0
1972,Romania,1994,0,0,0,0
1973,Romania,1995,0,0,0,0
1974,Romania,1996,0,0,0,0
1975,Romania,1997,0,0,0,0
1976,Romania,1998,0,0,0,0
1977,Romania,1999,0,0,0,0
1978,Romania,2000,1,0,1,1
1979,Romania,2001,14,0,14,15
1980,Romania,2002,10,0,10,25
1981,Romania,2003,15,0,15,40
1982,Romania,2004,15,0,15,55
1983,Romania,2005,17,0,17,72
1984,Romania,2006,8,0,8,80
1985,Romania,2007,8,0,8,88
1986,Romania,2008,21,0,21,109
1987,Romania,2009,8,0,8,117
1988,Romania,2010,7,0,7,124
1989,Romania,2011,7,0,7,131
1990,Romania,2012,9,0,9,140
1991,Romania,2013,5,0,5,145
1992,Romania,2014,3,0,3,148
1993,Romania,2015,4,0,4,152
1994,Romania,2016,5,0,5,157
1995,Russia,1980,0,0,0,0
1996,Russia,1981,0,0,0,0
1997,Russia,1982,0,0,0,0
1998,Russia,1983,0,0,0,0
1999,Russia,1984,0,0,0,0
2000,Russia,1985,0,0,0,0
2001,Russia,1986,0,0,0,0
2002,Russia,1987,0,0,0,0
2003,Russia,1988,0,0,0,0
2004,Russia,1989,0,0,0,0
2005,Russia,1990,0,0,0,0
2006,Russia,1991,0,0,0,0
2007,Russia,1992,0,0,0,0
2008,Russia,1993,0,0,0,0
2009,Russia,1994,0,0,0,0
2010,Russia,1995,0,0,0,0
2011,Russia,1996,0,0,0,0
2012,Russia,1997,0,0,0,0
2013,Russia,1998,0,0,0,0
2014,Russia,1999,0,0,0,0
2015,Russia,2000,0,0,0,0
2016,Russia,2001,0,0,0,0
2017,Russia,2002,0,0,0,0
2018,Russia,2003,0,0,0,0
2019,Russia,2004,0,0,0,0
2020,Russia,2005,33,0,33,33
2021,Russia,2006,39,0,39,72
2022,Russia,2007,14,0,14,86
2023,Russia,2008,9,0,9,95
2024,Russia,2009,6,0,6,101
2025,Russia,2010,3,0,3,104
2026,Russia,2011,3,0,3,107
2027,Russia,2012,7,0,7,114
2028,Russia,2013,7,0,7,121
2029,Russia,2014,8,0,8,129
2030,Russia,2015,8,0,8,137
2031,Russia,2016,7,0,7,144
2032,Serbia,1980,0,0,0,0
2033,Serbia,1981,0,0,0,0
2034,Serbia,1982,0,0,0,0
2035,Serbia,1983,0,0,0,0
2036,Serbia,1984,0,0,0,0
2037,Serbia,1985,0,0,0,0
2038,Serbia,1986,0,0,0,0
2039,Serbia,1987,0,0,0,0
2040,Serbia,1988,0,0,0,0
2041,Serbia,1989,0,0,0,0
2042,Serbia,1990,0,0,0,0
2043,Serbia,1991,0,0,0,0
2044,Serbia,1992,0,0,0,0
2045,Serbia,1993,0,0,0,0
2046,Serbia,1994,0,0,0,0
2047,Serbia,1995,0,0,0,0
2048,Serbia,1996,0,0,0,0
2049,Serbia,1997,0,0,0,0
2050,Serbia,1998,0,0,0,0
2051,Serbia,1999,0,0,0,0
2052,Serbia,2000,0,0,0,0
2053,Serbia,2001,0,0,0,0
2054,Serbia,2002,0,0,0,0
2055,Serbia,2003,0,0,0,0
2056,Serbia,2004,0,0,0,0
2057,Serbia,2005,0,0,0,0
2058,Serbia,2006,0,0,0,0
2059,Serbia,2007,0,0,0,0
2060,Serbia,2008,0,0,0,0
2061,Serbia,2009,0,0,0,0
2062,Serbia,2010,0,0,0,0
2063,Serbia,2011,0,0,0,0
2064,Serbia,2012,0,0,0,0
2065,Serbia,2013,0,0,0,0
2066,Serbia,2014,0,0,0,0
2067,Serbia,2015,2,0,2,2
2068,Serbia,2016,2,0,2,4
2069,Slovakia,1980,0,0,0,0
2070,Slovakia,1981,0,0,0,0
2071,Slovakia,1982,0,0,0,0
2072,Slovakia,1983,0,0,0,0
2073,Slovakia,1984,0,0,0,0
2074,Slovakia,1985,0,0,0,0
2075,Slovakia,1986,0,0,0,0
2076,Slovakia,1987,0,0,0,0
2077,Slovakia,1988,0,0,0,0
2078,Slovakia,1989,0,0,0,0
2079,Slovakia,1990,0,0,0,0
2080,Slovakia,1991,0,0,0,0
2081,Slovakia,1992,0,0,0,0
2082,Slovakia,1993,0,0,0,0
2083,Slovakia,1994,0,0,0,0
2084,Slovakia,1995,0,0,0,0
2085,Slovakia,1996,0,0,0,0
2086,Slovakia,1997,0,0,0,0
2087,Slovakia,1998,0,0,0,0
2088,Slovakia,1999,0,0,0,0
2089,Slovakia,2000,0,0,0,0
2090,Slovakia,2001,0,0,0,0
2091,Slovakia,2002,2,0,2,2
2092,Slovakia,2003,11,0,11,13
2093,Slovakia,2004,12,0,12,25
2094,Slovakia,2005,17,0,17,42
2095,Slovakia,2006,21,0,21,63
2096,Slovakia,2007,14,0,14,77
2097,Slovakia,2008,23,0,23,100
2098,Slovakia,2009,23,0,23,123
2099,Slovakia,2010,22,0,22,145
2100,Slovakia,2011,0,0,0,145
2101,Slovakia,2012,1,0,1,146
2102,Slovakia,2013,6,0,6,152
2103,Slovakia,2014,0,0,0,152
2104,Slovakia,2015,0,0,0,152
2105,Slovakia,2016,0,0,0,152
2106,Slovenia,1980,0,0,0,0
2107,Slovenia,1981,0,0,0,0
2108,Slovenia,1982,0,0,0,0
2109,Slovenia,1983,0,0,0,0
2110,Slovenia,1984,0,0,0,0
2111,Slovenia,1985,0,0,0,0
2112,Slovenia,1986,0,0,0,0
2113,Slovenia,1987,0,0,0,0
2114,Slovenia,1988,0,0,0,0
2115,Slovenia,1989,0,0,0,0
2116,Slovenia,1990,0,0,0,0
2117,Slovenia,1991,0,0,0,0
2118,Slovenia,1992,0,0,0,0
2119,Slovenia,1993,0,0,0,0
2120,Slovenia,1994,0,0,0,0
2121,Slovenia,1995,1,0,1,1
2122,Slovenia,1996,0,0,0,1
2123,Slovenia,1997,0,0,0,1
2124,Slovenia,1998,0,0,0,1
2125,Slovenia,1999,0,0,0,1
2126,Slovenia,2000,3,0,3,4
2127,Slovenia,2001,0,0,0,4
2128,Slovenia,2002,0,0,0,4
2129,Slovenia,2003,0,0,0,4
2130,Slovenia,2004,1,0,1,5
2131,Slovenia,2005,3,0,3,8
2132,Slovenia,2006,0,0,0,8
2133,Slovenia,2007,0,0,0,8
2134,Slovenia,2008,2,0,2,10
2135,Slovenia,2009,0,0,0,10
2136,Slovenia,2010,1,0,1,11
2137,Slovenia,2011,2,0,2,13
2138,Slovenia,2012,2,0,2,15
2139,Slovenia,2013,2,0,2,17
2140,Slovenia,2014,0,0,0,17
2141,Slovenia,2015,0,0,0,17
2142,Slovenia,2016,0,0,0,17
2143,South Africa,1980,0,0,0,0
2144,South Africa,1981,0,0,0,0
2145,South Africa,1982,0,0,0,0
2146,South Africa,1983,0,0,0,0
2147,South Africa,1984,0,0,0,0
2148,South Africa,1985,0,0,0,0
2149,South Africa,1986,0,0,0,0
2150,South Africa,1987,0,0,0,0
2151,South Africa,1988,0,0,0,0
2152,South Africa,1989,0,0,0,0
2153,South Africa,1990,0,0,0,0
2154,South Africa,1991,0,0,0,0
2155,South Africa,1992,0,0,0,0
2156,South Africa,1993,0,0,0,0
2157,South Africa,1994,0,0,0,0
2158,South Africa,1995,0,0,0,0
2159,South Africa,1996,0,0,0,0
2160,South Africa,1997,0,0,0,0
2161,South Africa,1998,0,0,0,0
2162,South Africa,1999,0,0,0,0
2163,South Africa,2000,0,0,0,0
2164,South Africa,2001,0,0,0,0
2165,South Africa,2002,0,0,0,0
2166,South Africa,2003,0,0,0,0
2167,South Africa,2004,0,0,0,0
2168,South Africa,2005,0,0,0,0
2169,South Africa,2006,0,0,0,0
2170,South Africa,2007,0,0,0,0
2171,South Africa,2008,0,0,0,0
2172,South Africa,2009,0,0,0,0
2173,South Africa,2010,0,0,0,0
2174,South Africa,2011,0,0,0,0
2175,South Africa,2012,0,0,0,0
2176,South Africa,2013,0,0,0,0
2177,South Africa,2014,3,0,3,3
2178,South Africa,2015,3,0,3,6
2179,South Africa,2016,2,0,2,8
2180,Spain,1980,0,0,0,0
2181,Spain,1981,0,0,0,0
2182,Spain,1982,0,0,0,0
2183,Spain,1983,0,0,0,0
2184,Spain,1984,0,0,0,0
2185,Spain,1985,0,0,0,0
2186,Spain,1986,0,0,0,0
2187,Spain,1987,0,0,0,0
2188,Spain,1988,0,0,0,0
2189,Spain,1989,0,0,0,0
2190,Spain,1990,0,0,0,0
2191,Spain,1991,0,0,0,0
2192,Spain,1992,0,0,0,0
2193,Spain,1993,1,0,1,1
2194,Spain,1994,1,0,1,2
2195,Spain,1995,1,0,1,3
2196,Spain,1996,1,0,1,4
2197,Spain,1997,2,0,2,6
2198,Spain,1998,2,0,2,8
2199,Spain,1999,2,0,2,10
2200,Spain,2000,2,0,2,12
2201,Spain,2001,2,0,2,14
2202,Spain,2002,27,0,27,41
2203,Spain,2003,18,0,18,59
2204,Spain,2004,5,0,5,64
2205,Spain,2005,28,0,28,92
2206,Spain,2006,35,0,35,127
2207,Spain,2007,33,0,33,160
2208,Spain,2008,80,0,80,240
2209,Spain,2009,120,0,120,360
2210,Spain,2010,51,0,51,411
2211,Spain,2011,78,0,78,489
2212,Spain,2012,97,0,97,586
2213,Spain,2013,40,0,40,626
2214,Spain,2014,2,0,2,628
2215,Spain,2015,2,0,2,630
2216,Spain,2016,10,0,10,640
2217,Sri Lanka,1980,0,0,0,0
2218,Sri Lanka,1981,0,0,0,0
2219,Sri Lanka,1982,0,0,0,0
2220,Sri Lanka,1983,0,0,0,0
2221,Sri Lanka,1984,0,0,0,0
2222,Sri Lanka,1985,0,0,0,0
2223,Sri Lanka,1986,0,0,0,0
2224,Sri Lanka,1987,0,0,0,0
2225,Sri Lanka,1988,0,0,0,0
2226,Sri Lanka,1989,0,0,0,0
2227,Sri Lanka,1990,0,0,0,0
2228,Sri Lanka,1991,0,0,0,0
2229,Sri Lanka,1992,0,0,0,0
2230,Sri Lanka,1993,0,0,0,0
2231,Sri Lanka,1994,0,0,0,0
2232,Sri Lanka,1995,0,0,0,0
2233,Sri Lanka,1996,0,0,0,0
2234,Sri Lanka,1997,0,0,0,0
2235,Sri Lanka,1998,1,0,1,1
2236,Sri Lanka,1999,1,0,1,2
2237,Sri Lanka,2000,0,0,0,2
2238,Sri Lanka,2001,0,0,0,2
2239,Sri Lanka,2002,0,0,0,2
2240,Sri Lanka,2003,0,0,0,2
2241,Sri Lanka,2004,0,0,0,2
2242,Sri Lanka,2005,0,0,0,2
2243,Sri Lanka,2006,0,0,0,2
2244,Sri Lanka,2007,0,0,0,2
2245,Sri Lanka,2008,0,0,0,2
2246,Sri Lanka,2009,0,0,0,2
2247,Sri Lanka,2010,0,0,0,2
2248,Sri Lanka,2011,0,0,0,2
2249,Sri Lanka,2012,0,0,0,2
2250,Sri Lanka,2013,0,0,0,2
2251,Sri Lanka,2014,0,0,0,2
2252,Sri Lanka,2015,0,0,0,2
2253,Sri Lanka,2016,0,0,0,2
2254,Sweden,1980,28,0,28,28
2255,Sweden,1981,30,0,30,58
2256,Sweden,1982,25,0,25,83
2257,Sweden,1983,28,0,28,111
2258,Sweden,1984,25,0,25,136
2259,Sweden,1985,42,0,42,178
2260,Sweden,1986,26,0,26,204
2261,Sweden,1987,31,0,31,235
2262,Sweden,1988,9,0,9,244
2263,Sweden,1989,5,0,5,249
2264,Sweden,1990,4616,0,4616,4865
2265,Sweden,1991,5807,0,5807,10672
2266,Sweden,1992,6575,0,6575,17247
2267,Sweden,1993,6624,0,6624,23871
2268,Sweden,1994,6284,0,6284,30155
2269,Sweden,1995,6125,0,6125,36280
2270,Sweden,1996,5648,0,5648,41928
2271,Sweden,1997,5483,0,5483,47411
2272,Sweden,1998,5069,0,5069,52480
2273,Sweden,1999,3192,0,3192,55672
2274,Sweden,2000,2328,0,2328,58000
2275,Sweden,2001,1201,0,1201,59201
2276,Sweden,2002,481,0,481,59682
2277,Sweden,2003,462,0,462,60144
2278,Sweden,2004,406,0,406,60550
2279,Sweden,2005,451,0,451,61001
2280,Sweden,2006,440,0,440,61441
2281,Sweden,2007,435,0,435,61876
2282,Sweden,2008,424,0,424,62300
2283,Sweden,2009,445,0,445,62745
2284,Sweden,2010,454,0,454,63199
2285,Sweden,2011,415,0,415,63614
2286,Sweden,2012,380,0,380,63994
2287,Sweden,2013,453,0,453,64447
2288,Sweden,2014,511,0,511,64958
2289,Sweden,2015,532,0,532,65490
2290,Sweden,2016,638,0,638,66128
2291,Switzerland,1980,0,0,0,0
2292,Switzerland,1981,0,0,0,0
2293,Switzerland,1982,0,0,0,0
2294,Switzerland,1983,0,0,0,0
2295,Switzerland,1984,0,0,0,0
2296,Switzerland,1985,0,0,0,0
2297,Switzerland,1986,0,0,0,0
2298,Switzerland,1987,0,0,0,0
2299,Switzerland,1988,0,0,0,0
2300,Switzerland,1989,0,0,0,0
2301,Switzerland,1990,0,0,0,0
2302,Switzerland,1991,0,0,0,0
2303,Switzerland,1992,0,0,0,0
2304,Switzerland,1993,0,0,0,0
2305,Switzerland,1994,0,0,0,0
2306,Switzerland,1995,0,0,0,0
2307,Switzerland,1996,0,0,0,0
2308,Switzerland,1997,54,0,54,54
2309,Switzerland,1998,20,0,20,74
2310,Switzerland,1999,63,0,63,137
2311,Switzerland,2000,60,0,60,197
2312,Switzerland,2001,64,0,64,261
2313,Switzerland,2002,63,0,63,324
2314,Switzerland,2003,55,0,55,379
2315,Switzerland,2004,38,0,38,417
2316,Switzerland,2005,34,0,34,451
2317,Switzerland,2006,32,0,32,483
2318,Switzerland,2007,33,0,33,516
2319,Switzerland,2008,47,0,47,563
2320,Switzerland,2009,57,0,57,620
2321,Switzerland,2010,50,0,50,670
2322,Switzerland,2011,44,0,44,714
2323,Switzerland,2012,172,0,172,886
2324,Switzerland,2013,226,0,226,1112
2325,Switzerland,2014,41,0,41,1153
2326,Switzerland,2015,44,0,44,1197
2327,Switzerland,2016,44,0,44,1241
2328,Syria,1980,0,0,0,0
2329,Syria,1981,0,0,0,0
2330,Syria,1982,12500,0,12500,12500
2331,Syria,1983,27180,0,27180,39680
2332,Syria,1984,30000,0,30000,69680
2333,Syria,1985,33080,0,33080,102760
2334,Syria,1986,630,0,630,103390
2335,Syria,1987,0,0,0,103390
2336,Syria,1988,0,0,0,103390
2337,Syria,1989,0,0,0,103390
2338,Syria,1990,0,0,0,103390
2339,Syria,1991,0,0,0,103390
2340,Syria,1992,0,0,0,103390
2341,Syria,1993,0,0,0,103390
2342,Syria,1994,0,0,0,103390
2343,Syria,1995,0,0,0,103390
2344,Syria,1996,0,0,0,103390
2345,Syria,1997,0,0,0,103390
2346,Syria,1998,4,0,4,103394
2347,Syria,1999,6,0,6,103400
2348,Syria,2000,1,0,1,103401
2349,Syria,2001,1,0,1,103402
2350,Syria,2002,0,0,0,103402
2351,Syria,2003,0,0,0,103402
2352,Syria,2004,7,0,7,103409
2353,Syria,2005,4,0,4,103413
2354,Syria,2006,5,0,5,103418
2355,Syria,2007,4,0,4,103422
2356,Syria,2008,4,0,4,103426
2357,Syria,2009,4,0,4,103430
2358,Syria,2010,18,0,18,103448
2359,Syria,2011,27,0,27,103475
2360,Syria,2012,30,0,30,103505
2361,Syria,2013,25,0,25,103530
2362,Syria,2014,22,0,22,103552
2363,Syria,2015,26,0,26,103578
2364,Syria,2016,27,0,27,103605
2365,Turkey,1980,0,0,0,0
2366,Turkey,1981,0,0,0,0
2367,Turkey,1982,0,0,0,0
2368,Turkey,1983,0,0,0,0
2369,Turkey,1984,0,0,0,0
2370,Turkey,1985,0,0,0,0
2371,Turkey,1986,0,0,0,0
2372,Turkey,1987,0,0,0,0
2373,Turkey,1988,0,0,0,0
2374,Turkey,1989,0,0,0,0
2375,Turkey,1990,0,0,0,0
2376,Turkey,1991,0,0,0,0
2377,Turkey,1992,0,0,0,0
2378,Turkey,1993,0,0,0,0
2379,Turkey,1994,0,0,0,0
2380,Turkey,1995,0,0,0,0
2381,Turkey,1996,0,0,0,0
2382,Turkey,1997,0,0,0,0
2383,Turkey,1998,0,0,0,0
2384,Turkey,1999,0,0,0,0
2385,Turkey,2000,0,0,0,0
2386,Turkey,2001,1,0,1,1
2387,Turkey,2002,0,0,0,1
2388,Turkey,2003,0,0,0,1
2389,Turkey,2004,1,0,1,2
2390,Turkey,2005,0,0,0,2
2391,Turkey,2006,0,0,0,2
2392,Turkey,2007,1,0,1,3
2393,Turkey,2008,1,0,1,4
2394,Turkey,2009,1,0,1,5
2395,Turkey,2010,1,0,1,6
2396,Turkey,2011,2,0,2,8
2397,Turkey,2012,6,0,6,14
2398,Turkey,2013,4,0,4,18
2399,Turkey,2014,7,0,7,25
2400,Turkey,2015,7,0,7,32
2401,Turkey,2016,13,0,13,45
2402,Ukraine,1980,0,0,0,0
2403,Ukraine,1981,0,0,0,0
2404,Ukraine,1982,0,0,0,0
2405,Ukraine,1983,0,0,0,0
2406,Ukraine,1984,0,0,0,0
2407,Ukraine,1985,0,0,0,0
2408,Ukraine,1986,0,0,0,0
2409,Ukraine,1987,0,0,0,0
2410,Ukraine,1988,0,0,0,0
2411,Ukraine,1989,0,0,0,0
2412,Ukraine,1990,0,0,0,0
2413,Ukraine,1991,0,0,0,0
2414,Ukraine,1992,0,0,0,0
2415,Ukraine,1993,0,0,0,0
2416,Ukraine,1994,0,0,0,0
2417,Ukraine,1995,0,0,0,0
2418,Ukraine,1996,17,0,17,17
2419,Ukraine,1997,21,0,21,38
2420,Ukraine,1998,22,0,22,60
2421,Ukraine,1999,0,0,0,60
2422,Ukraine,2000,0,0,0,60
2423,Ukraine,2001,2,0,2,62
2424,Ukraine,2002,2,0,2,64
2425,Ukraine,2003,2,0,2,66
2426,Ukraine,2004,2,0,2,68
2427,Ukraine,2005,4,0,4,72
2428,Ukraine,2006,4,0,4,76
2429,Ukraine,2007,4,0,4,80
2430,Ukraine,2008,4,0,4,84
2431,Ukraine,2009,4,0,4,88
2432,Ukraine,2010,4,0,4,92
2433,Ukraine,2011,5,0,5,97
2434,Ukraine,2012,6,0,6,103
2435,Ukraine,2013,6,0,6,109
2436,Ukraine,2014,6,0,6,115
2437,Ukraine,2015,7,0,7,122
2438,Ukraine,2016,9,0,9,131
2439,United Kingdom,1980,0,0,0,0
2440,United Kingdom,1981,0,0,0,0
2441,United Kingdom,1982,0,0,0,0
2442,United Kingdom,1983,0,0,0,0
2443,United Kingdom,1984,0,0,0,0
2444,United Kingdom,1985,0,0,0,0
2445,United Kingdom,1986,0,0,0,0
2446,United Kingdom,1987,0,0,0,0
2447,United Kingdom,1988,108,0,108,108
2448,United Kingdom,1989,312,0,312,420
2449,United Kingdom,1990,492,0,492,912
2450,United Kingdom,1991,606,0,606,1518
2451,United Kingdom,1992,1240,0,1240,2758
2452,United Kingdom,1993,1527,0,1527,4285
2453,United Kingdom,1994,1545,0,1545,5830
2454,United Kingdom,1995,1551,0,1551,7381
2455,United Kingdom,1996,1645,0,1645,9026
2456,United Kingdom,1997,1668,0,1668,10694
2457,United Kingdom,1998,1635,0,1635,12329
2458,United Kingdom,1999,1430,0,1430,13759
2459,United Kingdom,2000,1245,0,1245,15004
2460,United Kingdom,2001,1130,0,1130,16134
2461,United Kingdom,2002,653,0,653,16787
2462,United Kingdom,2003,229,0,229,17016
2463,United Kingdom,2004,260,0,260,17276
2464,United Kingdom,2005,193,0,193,17469
2465,United Kingdom,2006,100,0,100,17569
2466,United Kingdom,2007,64,0,64,17633
2467,United Kingdom,2008,69,0,69,17702
2468,United Kingdom,2009,73,0,73,17775
2469,United Kingdom,2010,87,0,87,17862
2470,United Kingdom,2011,97,0,97,17959
2471,United Kingdom,2012,107,0,107,18066
2472,United Kingdom,2013,102,0,102,18168
2473,United Kingdom,2014,114,0,114,18282
2474,United Kingdom,2015,129,0,129,18411
2475,United Kingdom,2016,129,0,129,18540
2476,United States,1980,4136,0,4136,4136
2477,United States,1981,3955,0,3955,8091
2478,United States,1982,3529,0,3529,11620
2479,United States,1983,2941,0,2941,14561
2480,United States,1984,3203,0,3203,17764
2481,United States,1985,3385,0,3385,21149
2482,United States,1986,3994,0,3994,25143
2483,United States,1987,4367,0,4367,29510
2484,United States,1988,4910,0,4910,34420
2485,United States,1989,5716,0,5716,40136
2486,United States,1990,5634,0,5634,45770
2487,United States,1991,6009,0,6009,51779
2488,United States,1992,5838,0,5838,57617
2489,United States,1993,5465,0,5465,63082
2490,United States,1994,4319,0,4319,67401
2491,United States,1995,3884,0,3884,71285
2492,United States,1996,4380,0,4380,75665
2493,United States,1997,3567,0,3567,79232
2494,United States,1998,3283,0,3283,82515
2495,United States,1999,3033,0,3033,85548
2496,United States,2000,3662,0,3662,89210
2497,United States,2001,4579,0,4579,93789
2498,United States,2002,3935,0,3935,97724
2499,United States,2003,2956,0,2956,100680
2500,United States,2004,3818,0,3818,104498
2501,United States,2005,4282,0,4282,108780
2502,United States,2006,4083,0,4083,112863
2503,United States,2007,4267,0,4267,117130
2504,United States,2008,4254,0,4254,121384
2505,United States,2009,3831,0,3831,125215
2506,United States,2010,3487,0,3487,128702
2507,United States,2011,3295,0,3295,131997
2508,United States,2012,2879,0,2879,134876
2509,United States,2013,2783,0,2783,137659
2510,United States,2014,434,0,434,138093
2511,United States,2015,413,0,413,138506
2512,United States,2016,404,0,404,138910
2513,Venezuela,1980,0,0,0,0
2514,Venezuela,1981,0,0,0,0
2515,Venezuela,1982,0,0,0,0
2516,Venezuela,1983,0,0,0,0
2517,Venezuela,1984,0,0,0,0
2518,Venezuela,1985,0,0,0,0
2519,Venezuela,1986,0,0,0,0
2520,Venezuela,1987,0,0,0,0
2521,Venezuela,1988,0,0,0,0
2522,Venezuela,1989,0,0,0,0
2523,Venezuela,1990,0,0,0,0
2524,Venezuela,1991,0,0,0,0
2525,Venezuela,1992,0,0,0,0
2526,Venezuela,1993,1,0,1,1
2527,Venezuela,1994,1,0,1,2
2528,Venezuela,1995,0,0,0,2
2529,Venezuela,1996,0,0,0,2
2530,Venezuela,1997,0,0,0,2
2531,Venezuela,1998,0,0,0,2
2532,Venezuela,1999,0,0,0,2
2533,Venezuela,2000,0,0,0,2
2534,Venezuela,2001,0,0,0,2
2535,Venezuela,2002,0,0,0,2
2536,Venezuela,2003,0,0,0,2
2537,Venezuela,2004,0,0,0,2
2538,Venezuela,2005,0,0,0,2
2539,Venezuela,2006,0,0,0,2
2540,Venezuela,2007,0,0,0,2
2541,Venezuela,2008,0,0,0,2
2542,Venezuela,2009,0,0,0,2
2543,Venezuela,2010,0,0,0,2
2544,Venezuela,2011,0,0,0,2
2545,Venezuela,2012,0,0,0,2
2546,Venezuela,2013,0,0,0,2
2547,Venezuela,2014,0,0,0,2
2548,Venezuela,2015,0,0,0,2
2549,Venezuela,2016,12,0,12,14
2550,Zambia,1980,0,0,0,0
2551,Zambia,1981,0,0,0,0
2552,Zambia,1982,0,0,0,0
2553,Zambia,1983,0,0,0,0
2554,Zambia,1984,0,0,0,0
2555,Zambia,1985,0,0,0,0
2556,Zambia,1986,0,0,0,0
2557,Zambia,1987,0,0,0,0
2558,Zambia,1988,0,0,0,0
2559,Zambia,1989,0,0,0,0
2560,Zambia,1990,0,0,0,0
2561,Zambia,1991,0,0,0,0
2562,Zambia,1992,0,0,0,0
2563,Zambia,1993,0,0,0,0
2564,Zambia,1994,0,0,0,0
2565,Zambia,1995,0,0,0,0
2566,Zambia,1996,0,0,0,0
2567,Zambia,1997,0,0,0,0
2568,Zambia,1998,0,0,0,0
2569,Zambia,1999,0,0,0,0
2570,Zambia,2000,0,0,0,0
2571,Zambia,2001,0,0,0,0
2572,Zambia,2002,0,0,0,0
2573,Zambia,2003,0,0,0,0
2574,Zambia,2004,0,0,0,0
2575,Zambia,2005,0,0,0,0
2576,Zambia,2006,0,0,0,0
2577,Zambia,2007,0,0,0,0
2578,Zambia,2008,9,0,9,9
2579,Zambia,2009,9,0,9,18
2580,Zambia,2010,8,0,8,26
2581,Zambia,2011,1,0,1,27
2582,Zambia,2012,6,0,6,33
2583,Zambia,2013,6,0,6,39
2584,Zambia,2014,6,0,6,45
2585,Zambia,2015,6,0,6,51
2586,Zambia,2016,6,0,6,57
2587,Zimbabwe,1980,0,0,0,0
2588,Zimbabwe,1981,0,0,0,0
2589,Zimbabwe,1982,0,0,0,0
2590,Zimbabwe,1983,0,0,0,0
2591,Zimbabwe,1984,0,0,0,0
2592,Zimbabwe,1985,0,0,0,0
2593,Zimbabwe,1986,0,0,0,0
2594,Zimbabwe,1987,0,0,0,0
2595,Zimbabwe,1988,0,0,0,0
2596,Zimbabwe,1989,0,0,0,0
2597,Zimbabwe,1990,0,0,0,0
2598,Zimbabwe,1991,0,0,0,0
2599,Zimbabwe,1992,0,0,0,0
2600,Zimbabwe,1993,1,0,1,1
2601,Zimbabwe,1994,0,0,0,1
2602,Zimbabwe,1995,0,0,0,1
2603,Zimbabwe,1996,0,0,0,1
2604,Zimbabwe,1997,0,0,0,1
2605,Zimbabwe,1998,0,0,0,1
2606,Zimbabwe,1999,0,0,0,1
2607,Zimbabwe,2000,0,0,0,1
2608,Zimbabwe,2001,0,0,0,1
2609,Zimbabwe,2002,0,0,0,1
2610,Zimbabwe,2003,0,0,0,1
2611,Zimbabwe,2004,2,0,2,3
2612,Zimbabwe,2005,0,0,0,3
2613,Zimbabwe,2006,0,0,0,3
2614,Zimbabwe,2007,1,0,1,4
2615,Zimbabwe,2008,1,0,1,5
2616,Zimbabwe,2009,1,0,1,6
2617,Zimbabwe,2010,1,0,1,7
2618,Zimbabwe,2011,1,0,1,8
2619,Zimbabwe,2012,0,0,0,8
2620,Zimbabwe,2013,1,0,1,9
2621,Zimbabwe,2014,1,0,1,10
2622,Zimbabwe,2015,1,0,1,11
2623,Zimbabwe,2016,1,0,1,12